ExperimentFolder,Encoding,Dataset,DropFrom,Overlap,TrainedPrecision,TrainedRecall,TrainedF1,TrainedDice,ReidentificationRate,ReidentificationRateFuzzy,ReidentificationRateGreedy,HypOpOutputDim,HypOpNumLayers,HypOpHiddenSize,HypOpDropout,HypOpActivation,HypOpOptimizer,HypOpLossFn,HypOpThreshold,HypOpLRScheduler,HypOpBatchSize,HypOpValLoss,HypOpEpochs,HypOpF1,HypOpPrecision,HypOpRecall,HypOpDice,LenTrain,LenVal,GraphMatchingAttackTime,HyperparameterOptimizationTime,ModelTrainingTime,ApplicationtoEncodedDataTime,RefinementandReconstructionTime,TotalRuntime
experiment_BloomFilter_euro_person_2025-09-05_09-19-37,BloomFilter,euro_person.tsv,Eve,0.6,0.9922255223131996,0.9801947930938144,0.9857810893336127,0.9857797483804338,,0.0008,0.1932,1036,1,4096,0.3022302210017807,leaky_relu,"{'name': 'RMSprop', 'lr': 0.0005064468964236253}",BCEWithLogitsLoss,0.4717027644497669,"{'name': 'ReduceLROnPlateau', 'mode': 'min', 'factor': 0.4196768452893711, 'patience': 5}",64,0.04507441827407944,17,0.987641070665184,0.9964056644668864,0.9797131599291007,0.98763965571205,12779,3195,50.01,11.68,0.24,3.48,3.79,70.93
experiment_BloomFilter_euro_person_2025-09-06_02-16-11,BloomFilter,euro_person.tsv,Eve,0.8,0.991490607963176,0.9821593509547074,0.9863992964326505,0.9863979759728376,,0.001,0.22030000000000002,1036,1,4096,0.11439199037866715,elu,"{'name': 'AdamW', 'lr': 1.690982089592258e-05}",MultiLabelSoftMarginLoss,0.42596623588742083,{'name': 'None'},16,0.03680295658821651,20,0.9908538300461606,0.9944243419089868,0.987819468263995,0.9908526620980499,15172,3794,268.39,14.82,0.95,2.57,3.27,291.81
experiment_BloomFilter_euro_person_2025-09-06_10-34-55,BloomFilter,euro_person.tsv,Eve,0.2,0.9709719835019772,0.9414644921137948,0.9548023439361988,0.9548016429610852,,0.0009,0.07339999999999999,1036,1,4096,0.13427389059518471,tanh,"{'name': 'RMSprop', 'lr': 0.0006650652290965784}",BCEWithLogitsLoss,0.3290473684584737,"{'name': 'ReduceLROnPlateau', 'mode': 'min', 'factor': 0.4631539838907307, 'patience': 15}",32,0.18797443931694954,20,0.965867672992889,0.9802575498963974,0.9536726723502187,0.9658674178403758,4256,1065,7.46,4.79,0.44,7.09,6.2,27.61
experiment_BloomFilter_euro_person_2025-09-06_16-40-41,BloomFilter,euro_person.tsv,Both,0.6,0.9879856994071736,0.9537367903720076,0.9698183842026455,0.969817390733693,,0.0009,0.1063,1036,1,4096,0.2812887569188428,gelu,"{'name': 'RMSprop', 'lr': 0.00046635312476100553}",MultiLabelSoftMarginLoss,0.4851755369603933,{'name': 'None'},8,0.034125643927402784,12,0.982114181465692,0.9930142673095257,0.9723456590381907,0.9821122368421049,9118,2280,75.55,11.68,1.03,2.6,3.01,95.14
experiment_BloomFilter_euro_person_2025-09-07_01-35-32,BloomFilter,euro_person.tsv,Both,0.2,0.9754283253727276,0.8482937252993529,0.9049313012295668,0.9049327532313934,,0.0003,0.0083,1036,1,4096,0.288086319709501,relu,"{'name': 'Adam', 'lr': 4.865039546844355e-05}",MultiLabelSoftMarginLoss,0.5775038284733446,"{'name': 'CyclicLR', 'base_lr': 5.4917990312686086e-05, 'max_lr': 0.002954569616945606, 'step_size_up': 2000, 'mode_cyclic': 'triangular'}",8,0.18066340452769233,13,0.9344250323899079,0.9836890037046016,0.8932055884086887,0.9344253807106603,2363,591,31.33,2.95,0.28,3.99,4.91,44.38
experiment_BloomFilter_euro_person_2025-09-07_03-48-22,BloomFilter,euro_person.tsv,Eve,0.4,0.9878875725554356,0.9343206377991904,0.9592322474108484,0.9592309045383408,,0.0008,0.0649,1036,1,2048,0.11235547590047787,selu,"{'name': 'AdamW', 'lr': 0.0005127397030166601}",BCEWithLogitsLoss,0.5157386163226433,"{'name': 'ReduceLROnPlateau', 'mode': 'min', 'factor': 0.20456678444648638, 'patience': 10}",8,0.06121170540890074,18,0.9786934811266698,0.9895953828661714,0.969350435856643,0.9786916901408454,8519,2130,15.8,9.71,1.05,5.41,5.5,39.17
experiment_BloomFilter_euro_person_2025-09-07_21-46-17,BloomFilter,euro_person.tsv,Both,0.8,0.9952040820695828,0.9855796503133498,0.9900729441868324,0.9900720287575816,,0.0013,0.2249,1036,1,4096,0.22134759312100616,gelu,"{'name': 'RMSprop', 'lr': 3.762556443180865e-05}",MultiLabelSoftMarginLoss,0.3979103051527017,"{'name': 'ReduceLROnPlateau', 'mode': 'min', 'factor': 0.11909264535079278, 'patience': 5}",16,0.028546645649850037,16,0.9902358944851364,0.995587996614865,0.9854882670060845,0.9902351183765501,14188,3548,128.26,15.86,0.97,1.52,2.8,150.96
experiment_BloomFilter_euro_person_2025-09-08_10-50-55,BloomFilter,euro_person.tsv,Both,0.4,0.9618917711119932,0.786695941729519,0.8618827330377405,0.861884576118507,,0.0,0.0014000000000000002,1036,1,4096,0.16684807935941234,selu,"{'name': 'Adam', 'lr': 2.508338504320471e-05}",BCEWithLogitsLoss,0.3654089029023178,{'name': 'None'},16,0.18552585502113114,20,0.9676868860315322,0.9804360904784175,0.9569503543079118,0.9676860150375942,5319,1330,32.31,6.15,0.79,3.36,3.41,47.11
experiment_BloomFilter_fakename_10k_2025-09-08_01-49-54,BloomFilter,fakename_10k.tsv,Both,0.8,0.966505331366284,0.9486369273561108,0.9563847571637428,0.9563836526946106,,0.0078000000000000005,0.1024,1036,1,4096,0.14619114374277528,elu,"{'name': 'RMSprop', 'lr': 2.53448790668443e-05}",BCEWithLogitsLoss,0.3186048611293887,"{'name': 'ReduceLROnPlateau', 'mode': 'min', 'factor': 0.30487128029129784, 'patience': 10}",16,0.09733586392011873,14,0.9628632598200515,0.9712480097355857,0.9565212948070121,0.962863315828957,5330,1333,9.07,5.44,0.52,0.56,2.34,18.51
experiment_BloomFilter_fakename_1k_2025-09-05_16-29-48,BloomFilter,fakename_1k.tsv,Both,0.4,0.0214018191546281,0.0403414120512021,0.0278775204637198,0.02787544141252,,0.0,0.0,1036,2,128,0.13523767912899023,tanh,"{'name': 'Adam', 'lr': 6.37883074923387e-05}",MultiLabelSoftMarginLoss,0.4052205496311045,"{'name': 'ExponentialLR', 'gamma': 0.8532842630409616}",16,13.74289733171463,20,0.09999999999999999,0.09090909090909091,0.1111111111111111,0.1,1,1,1.49,1.53,0.2,0.21,1.38,4.85
experiment_BloomFilter_fakename_1k_2025-09-07_15-44-44,BloomFilter,fakename_1k.tsv,Eve,0.4,0.1260448010698763,0.1087830048429338,0.1163207099329948,0.1163123370110331,,0.0,0.0,1036,1,2048,0.23910973466834265,selu,"{'name': 'RMSprop', 'lr': 0.0003541148718782639}",MultiLabelSoftMarginLoss,0.5108979601127054,"{'name': 'CosineAnnealingLR', 'T_max': 14.196653087693628, 'eta_min': 1e-05}",64,7.293582409620285,20,0.20000000000000004,0.2,0.2,0.2,1,1,1.45,1.89,0.17,0.35,1.22,5.14
experiment_BloomFilter_fakename_20k_2025-09-05_08-40-22,BloomFilter,fakename_20k.tsv,Eve,0.2,0.950977051921881,0.7408467196103896,0.8279285970632336,0.8279299572348836,,0.0006,0.0018,1036,1,1024,0.16800086723502472,tanh,"{'name': 'RMSprop', 'lr': 0.0005286087194953301}",MultiLabelSoftMarginLoss,0.3112130031462555,{'name': 'None'},16,0.5665034681704698,20,0.8413652601201403,0.954880150994247,0.7583484890757463,0.8413666666666668,1221,306,24.32,2.29,0.16,6.23,5.07,39.25
experiment_BloomFilter_fakename_20k_2025-09-05_10-30-33,BloomFilter,fakename_20k.tsv,Both,0.4,0.8928104556222465,0.8516153164921929,0.8687276393337966,0.8687276918976545,,0.0029,0.0096,1036,1,1024,0.2294679887804706,leaky_relu,"{'name': 'Adam', 'lr': 0.00039483284033102104}",MultiLabelSoftMarginLoss,0.31283067896636524,"{'name': 'CyclicLR', 'base_lr': 0.0008465558262864415, 'max_lr': 0.011798188024570385, 'step_size_up': 2000, 'mode_cyclic': 'exp_range'}",8,0.18773694305866956,13,0.9398825541133345,0.980658272820231,0.9053558907288249,0.9398824000000002,3996,1000,38.49,4.57,0.17,2.49,2.67,49.18
experiment_BloomFilter_fakename_20k_2025-09-05_11-54-22,BloomFilter,fakename_20k.tsv,Eve,0.6,0.9875146352419508,0.9693683032338424,0.9777878997318848,0.9777869374999996,,0.010700000000000001,0.1606,1036,1,1024,0.16166197732963591,elu,"{'name': 'RMSprop', 'lr': 0.0008022263892661822}",MultiLabelSoftMarginLoss,0.32173216370648866,"{'name': 'ReduceLROnPlateau', 'mode': 'min', 'factor': 0.1317415173911377, 'patience': 5}",16,0.06601902201150854,14,0.9806503183064139,0.9883190613613942,0.9741022317603245,0.9806500833333333,9599,2400,39.71,9.49,0.47,2.69,3.0,56.67
experiment_BloomFilter_fakename_20k_2025-09-06_08-24-23,BloomFilter,fakename_20k.tsv,Eve,0.8,0.9805926368591328,0.8573952074422136,0.9122104390539444,0.9122111493322536,,0.004699999999999999,0.013999999999999999,1036,1,4096,0.25354546757180296,selu,"{'name': 'RMSprop', 'lr': 0.0005418994521347732}",BCEWithLogitsLoss,0.4231928187436624,"{'name': 'CosineAnnealingLR', 'T_max': 46.040637054434015, 'eta_min': 1e-05}",32,0.09222100768516589,19,0.9837723105419055,0.9936383472118704,0.9750816187003677,0.9837706839309428,12045,3012,110.29,13.04,0.54,1.62,3.63,130.53
experiment_BloomFilter_fakename_20k_2025-09-06_19-12-22,BloomFilter,fakename_20k.tsv,Eve,0.4,0.9819263748531196,0.9523750331444926,0.9660049887994712,0.9660044087007228,,0.0097,0.1193,1036,1,1024,0.25623476106976184,elu,"{'name': 'RMSprop', 'lr': 0.00026756095177508585}",BCEWithLogitsLoss,0.3739590651477244,{'name': 'None'},8,0.13671189935412262,20,0.9692892140211531,0.9830055848344377,0.9575606674010918,0.9692883749999998,6400,1600,9.47,7.73,0.56,4.07,5.2,28.3
experiment_BloomFilter_fakename_20k_2025-09-06_19-40-41,BloomFilter,fakename_20k.tsv,Both,0.6,0.6404575313115511,0.472763020351298,0.533728083628001,0.5337273649239374,,0.0,0.0,1036,1,2048,0.26281171960602656,elu,"{'name': 'Adam', 'lr': 7.684602602459623e-05}",MultiLabelSoftMarginLoss,0.6433902045856756,"{'name': 'CyclicLR', 'base_lr': 0.00030577513275713676, 'max_lr': 0.016324479124916934, 'step_size_up': 4000, 'mode_cyclic': 'exp_range'}",8,0.10071859669655911,13,0.9675479897462002,0.9918075158993149,0.9463698101095263,0.9675466161026838,6852,1714,25.65,6.8,0.28,1.93,2.71,38.33
experiment_BloomFilter_fakename_20k_2025-09-07_04-27-33,BloomFilter,fakename_20k.tsv,Both,0.2,0.9736339000199016,0.8021876685212935,0.8756121014784065,0.875613301876194,,0.0016,0.0051,1036,1,2048,0.3463946503702194,selu,"{'name': 'Adam', 'lr': 0.00010354520689123814}",MultiLabelSoftMarginLoss,0.4299960499210447,"{'name': 'CyclicLR', 'base_lr': 0.0001123529547633623, 'max_lr': 0.0026168825510583084, 'step_size_up': 2000, 'mode_cyclic': 'triangular2'}",64,0.37833503518270417,13,0.8873958792953826,0.967009148213794,0.8266107196005251,0.8873975113122174,1768,442,252.55,2.59,0.45,3.02,2.95,262.23
experiment_BloomFilter_fakename_20k_2025-09-08_02-33-29,BloomFilter,fakename_20k.tsv,Both,0.8,0.9892830758679064,0.9384917000588784,0.9620979330894076,0.9620968320382536,,0.009000000000000001,0.0891,1036,1,4096,0.2325574414406593,selu,"{'name': 'AdamW', 'lr': 0.00010498765532140741}",BCEWithLogitsLoss,0.4365988578702793,"{'name': 'CosineAnnealingLR', 'T_max': 40.585384628314905, 'eta_min': 0}",8,0.07406321983024634,17,0.9819558633955713,0.9914162045414047,0.9736981253940838,0.9819546546546548,10656,2664,102.94,13.22,1.37,1.15,2.7,122.56
experiment_BloomFilter_fakename_2k_2025-09-05_16-23-25,BloomFilter,fakename_2k.tsv,Eve,0.2,0.132082082082082,0.1519299733534116,0.1407607868057485,0.1407644644644644,,0.0,0.0,1036,1,4096,0.12331044775741637,tanh,"{'name': 'AdamW', 'lr': 0.0003541148718782639}",MultiLabelSoftMarginLoss,0.4005217820337851,"{'name': 'ReduceLROnPlateau', 'mode': 'min', 'factor': 0.1870915598731734, 'patience': 5}",32,13.219452679157257,20,0.0816326530612245,0.06060606060606061,0.125,0.0816,1,1,1.47,1.83,0.17,0.66,2.12,6.37
experiment_BloomFilter_fakename_2k_2025-09-05_20-55-09,BloomFilter,fakename_2k.tsv,Both,0.2,0.0166830762498632,0.031480089223212,0.021741522312116,0.0217412454873646,,0.0,0.0,1036,1,256,0.31429883027027483,elu,"{'name': 'Adam', 'lr': 4.901341108643382e-05}",BCEWithLogitsLoss,0.3109540122080752,{'name': 'None'},16,13.423091530799866,20,0.11538461538461539,0.09090909090909091,0.15789473684210525,0.1154,2,1,2.61,1.54,0.24,0.37,2.24,7.07
experiment_BloomFilter_titanic_full_2025-09-06_11-02-32,BloomFilter,titanic_full.tsv,Eve,0.2,0.0172524224721221,0.0319604913050365,0.0219934224105028,0.0219947131608548,,0.0,0.0,1036,1,512,0.16330729215900658,relu,"{'name': 'Adam', 'lr': 5.4906847847871635e-05}",MultiLabelSoftMarginLoss,0.5424411131750386,{'name': 'None'},8,13.435655891895294,20,0.09523809523809525,0.09090909090909091,0.1,0.0952,1,1,1.79,1.73,0.3,0.31,3.25,7.42
experiment_TabMinHash_euro_person_2025-09-05_16-34-38,TabMinHash,euro_person.tsv,Both,0.4,0.9682565965134232,0.9261743138705972,0.9453500085154422,0.9453488778054854,,0.0012,0.0507,1036,1,4096,0.3213781626829871,leaky_relu,"{'name': 'AdamW', 'lr': 2.508338504320471e-05}",BCEWithLogitsLoss,0.31924914746364974,"{'name': 'ReduceLROnPlateau', 'mode': 'min', 'factor': 0.10830756167441519, 'patience': 15}",8,0.21594165908968183,20,0.9460659219543698,0.9691054319261704,0.9268293614230807,0.9460646258503399,5292,1323,50.11,5.78,0.66,3.41,3.31,64.31
experiment_TabMinHash_euro_person_2025-09-05_18-53-52,TabMinHash,euro_person.tsv,Eve,0.6,0.9627008547154344,0.9301606242157732,0.9448034853946612,0.9448026659157048,,0.001,0.0782,1036,1,4096,0.2947696187708836,elu,"{'name': 'RMSprop', 'lr': 0.0005064468964236253}",MultiLabelSoftMarginLoss,0.6089903360714317,"{'name': 'ReduceLROnPlateau', 'mode': 'min', 'factor': 0.4196768452893711, 'patience': 5}",8,0.09132101259111239,19,0.9715529996700187,0.982973216412591,0.9619030854074666,0.9715518622848204,12777,3195,80.17,12.88,0.73,3.58,3.9,103.02
experiment_TabMinHash_euro_person_2025-09-06_15-23-11,TabMinHash,euro_person.tsv,Eve,0.2,0.9441342554026104,0.9013886018514052,0.9201870883729444,0.920187581852198,,0.0005,0.031200000000000002,1036,1,4096,0.3527440059753338,tanh,"{'name': 'RMSprop', 'lr': 0.0006650652290965784}",BCEWithLogitsLoss,0.3056253232186209,{'name': 'None'},8,0.1839345425061585,20,0.9483966708477777,0.9638035598327891,0.9360765325383431,0.9483961868446139,4195,1049,5.23,5.27,0.49,7.23,6.25,26.14
experiment_TabMinHash_euro_person_2025-09-06_23-34-35,TabMinHash,euro_person.tsv,Eve,0.8,0.9053631860414404,0.8483683949155526,0.8724541849160109,0.8724549464989672,,0.0,0.0069,1036,1,2048,0.17502528234878406,selu,"{'name': 'AdamW', 'lr': 1.690982089592258e-05}",MultiLabelSoftMarginLoss,0.3368456366420584,"{'name': 'CyclicLR', 'base_lr': 6.798393585713855e-05, 'max_lr': 0.008982418309499668, 'step_size_up': 4000, 'mode_cyclic': 'exp_range'}",8,0.08000468675688265,20,0.9779525369106776,0.9830518797381261,0.9740760803328166,0.9779515962441315,17037,4260,78.05,15.76,0.61,1.81,3.14,101.26
experiment_TabMinHash_euro_person_2025-09-07_13-07-18,TabMinHash,euro_person.tsv,Both,0.2,0.9460580917488656,0.832934789296463,0.8829488040894884,0.8829502636203855,,0.0003,0.0038,1036,1,2048,0.22469828842563777,elu,"{'name': 'RMSprop', 'lr': 4.865039546844355e-05}",MultiLabelSoftMarginLoss,0.30949665531152326,{'name': 'None'},8,0.29803415185891363,17,0.9081954521226973,0.9499033410623322,0.8750789642733052,0.9081952548330402,2273,569,120.14,3.35,0.66,4.09,4.9,134.04
experiment_TabMinHash_euro_person_2025-09-07_15-49-52,TabMinHash,euro_person.tsv,Eve,0.4,0.9822754569414992,0.9038149042098976,0.9398975993161218,0.9398975596020276,,0.0007000000000000001,0.030699999999999998,1036,1,2048,0.2727175973239964,elu,"{'name': 'RMSprop', 'lr': 0.0005127397030166601}",MultiLabelSoftMarginLoss,0.5564818715160109,{'name': 'None'},8,0.15950667328660997,20,0.962700673280436,0.9763251443420974,0.9512741292927829,0.9626982151244717,8514,2129,17.16,10.08,1.09,5.47,5.49,41.02
experiment_TabMinHash_euro_person_2025-09-07_20-04-07,TabMinHash,euro_person.tsv,Both,0.6,0.9734598744792298,0.9515611553639804,0.9613989571218152,0.961397629028032,,0.0007000000000000001,0.0999,1036,1,4096,0.22366100378682555,selu,"{'name': 'AdamW', 'lr': 0.00046635312476100553}",MultiLabelSoftMarginLoss,0.3257064385865652,{'name': 'None'},8,0.1882987612857188,20,0.9633206477838482,0.9717855957437778,0.9567407151605142,0.9633193236714981,9106,2277,61.64,11.83,1.29,2.62,3.07,81.72
experiment_TabMinHash_euro_person_2025-09-08_06-26-36,TabMinHash,euro_person.tsv,Both,0.8,0.9898614843878568,0.9279302952495986,0.9567028184909092,0.9567021038495968,,0.0011,0.0696,1036,1,2048,0.32654625898802325,selu,"{'name': 'AdamW', 'lr': 3.762556443180865e-05}",MultiLabelSoftMarginLoss,0.6904085875595818,"{'name': 'ReduceLROnPlateau', 'mode': 'min', 'factor': 0.11909264535079278, 'patience': 5}",32,0.09326375019053337,19,0.9678467947282389,0.9856788320113361,0.9523252547305381,0.9678457110609479,14175,3544,81.89,12.45,0.88,1.53,2.79,101.08
experiment_TabMinHash_fakename_10k_2025-09-05_11-19-44,TabMinHash,fakename_10k.tsv,Eve,0.2,0.8934944465816108,0.3905149263912901,0.5307192300987871,0.5307206498729888,,0.0,0.0,1036,1,4096,0.11468747625225684,leaky_relu,"{'name': 'RMSprop', 'lr': 0.0005463432644948606}",MultiLabelSoftMarginLoss,0.44415282984351295,"{'name': 'ReduceLROnPlateau', 'mode': 'min', 'factor': 0.14033259154491018, 'patience': 10}",32,0.9248853797042692,20,0.5830998040840085,0.9537248287248287,0.4335367261063856,0.5831045045045045,441,111,18.52,2.03,0.19,3.14,2.7,27.14
experiment_TabMinHash_fakename_10k_2025-09-05_12-51-03,TabMinHash,fakename_10k.tsv,Both,0.4,0.1689607168416615,0.3193934827349383,0.2202292214338774,0.2202297476544807,,0.0,0.0,1036,1,4096,0.12308803040196349,tanh,"{'name': 'Adam', 'lr': 4.7846553400671624e-05}",SoftMarginLoss,0.7781057188359165,"{'name': 'CyclicLR', 'base_lr': 0.0001675385614026368, 'max_lr': 0.0010254773682262554, 'step_size_up': 2000, 'mode_cyclic': 'triangular'}",64,6.846148192882538,10,0.32889934629144474,0.24891774891774893,0.49180390687743625,0.32889999999999997,54,14,71.99,1.52,0.15,2.06,2.81,78.88
experiment_TabMinHash_fakename_10k_2025-09-06_11-09-57,TabMinHash,fakename_10k.tsv,Eve,0.8,0.9706376403025568,0.9109258027725738,0.938131892205058,0.9381320499999998,,0.0085,0.051,1036,1,4096,0.35842550839028936,selu,"{'name': 'Adam', 'lr': 0.00026756095177508585}",BCEWithLogitsLoss,0.32454833401499816,"{'name': 'ReduceLROnPlateau', 'mode': 'min', 'factor': 0.4461153503883494, 'patience': 10}",8,0.1583160181401763,15,0.9401383692195167,0.9711951645100858,0.9144860013641676,0.9401383124999998,6399,1600,10.96,7.08,0.79,0.67,2.38,22.56
experiment_TabMinHash_fakename_10k_2025-09-06_20-19-01,TabMinHash,fakename_10k.tsv,Eve,0.4,0.9329701305673356,0.8039947659344364,0.8596608890106197,0.8596619833333331,,0.0017000000000000001,0.0048,1036,2,2048,0.23816639208907314,selu,"{'name': 'AdamW', 'lr': 0.0005286087194953301}",BCEWithLogitsLoss,0.35545973299864636,{'name': 'None'},64,0.5079719359427691,20,0.8684899421834181,0.9319939212854959,0.8194531734853198,0.8684888750000002,3199,800,4.34,3.51,0.39,2.0,2.57,13.44
experiment_TabMinHash_fakename_10k_2025-09-06_20-32-28,TabMinHash,fakename_10k.tsv,Both,0.6,0.9618476308634942,0.7433382349131732,0.8338279930451332,0.8338295311406577,,0.0007000000000000001,0.0017000000000000001,1036,2,4096,0.20219689685846665,leaky_relu,"{'name': 'Adam', 'lr': 0.00019213755272188505}",BCEWithLogitsLoss,0.5904739703504438,"{'name': 'CyclicLR', 'base_lr': 3.88635757505126e-05, 'max_lr': 0.0033874744107249303, 'step_size_up': 4000, 'mode_cyclic': 'exp_range'}",64,0.6096155116575811,20,0.8405014208681161,0.9566682175899746,0.756524618348154,0.8405019836639441,3427,857,24.38,5.02,0.46,0.97,2.38,33.69
experiment_TabMinHash_fakename_10k_2025-09-07_08-56-53,TabMinHash,fakename_10k.tsv,Both,0.2,0.8937385085373389,0.6150358463700781,0.72007786830143,0.7200817793754217,,0.0,0.0,1036,1,4096,0.22816364890745833,selu,"{'name': 'AdamW', 'lr': 2.519680619804345e-05}",MultiLabelSoftMarginLoss,0.3534915724135938,"{'name': 'CyclicLR', 'base_lr': 0.00016115343105371283, 'max_lr': 0.0016659110239243815, 'step_size_up': 4000, 'mode_cyclic': 'exp_range'}",32,0.45015962393238,12,0.7419495970995933,0.9378077461089174,0.6238619802245902,0.7419533936651582,883,221,109.5,1.79,0.24,1.51,2.1,115.49
experiment_TabMinHash_fakename_10k_2025-09-08_02-08-25,TabMinHash,fakename_10k.tsv,Eve,0.6,0.978973310058552,0.2857093670916359,0.4308892815595911,0.430887762170483,,0.0,0.0,1036,1,1024,0.204077203561415,selu,"{'name': 'AdamW', 'lr': 2.6356033802923293e-05}",BCEWithLogitsLoss,0.45030960244926194,"{'name': 'CosineAnnealingLR', 'T_max': 43.03151040040163, 'eta_min': 1e-06}",8,0.4990963791472823,20,0.8641477964367371,0.9733061236195062,0.7839875551831792,0.8641501560874087,3841,961,14.37,4.94,0.77,1.78,2.55,25.06
experiment_TabMinHash_fakename_10k_2025-09-08_04-36-03,TabMinHash,fakename_10k.tsv,Both,0.8,0.9639066684591115,0.887629352303268,0.9219766342452969,0.9219774925373132,,0.0042,0.0364,1036,1,4096,0.1220233858034799,elu,"{'name': 'Adam', 'lr': 2.53448790668443e-05}",MultiLabelSoftMarginLoss,0.3820635808339699,{'name': 'None'},8,0.32337005204568675,20,0.9233219939485671,0.9749696859637633,0.8811857262851587,0.9233219969969968,5326,1332,28.05,6.52,0.74,0.58,2.3,38.77
experiment_TabMinHash_fakename_1k_2025-09-06_12-49-07,TabMinHash,fakename_1k.tsv,Both,0.6,0.0231226225584476,0.0433345540959581,0.0300467331657847,0.0300449929478138,,0.0,0.0,1036,2,128,0.3472562685900403,gelu,"{'name': 'AdamW', 'lr': 0.0008147707185841738}",BCEWithLogitsLoss,0.5038933131088079,{'name': 'None'},32,13.83317893743515,20,0.12244897959183672,0.09090909090909091,0.1875,0.1224,4,1,2.06,1.61,0.31,0.25,2.05,6.33
experiment_TabMinHash_fakename_1k_2025-09-06_15-07-11,TabMinHash,fakename_1k.tsv,Eve,0.8,0.9554558622881604,0.4590903893675525,0.6089799254476281,0.6089844720496895,,0.0,0.0,1036,1,4096,0.38981863469261085,selu,"{'name': 'Adam', 'lr': 6.015227187205734e-05}",MultiLabelSoftMarginLoss,0.43777638018087206,"{'name': 'CyclicLR', 'base_lr': 0.0001632734430495344, 'max_lr': 0.03240991253571764, 'step_size_up': 4000, 'mode_cyclic': 'triangular'}",8,0.3822935348486199,9,0.6625648978400321,0.90806065690365,0.5348595364838594,0.662566911764706,541,136,1.13,1.81,0.19,0.11,2.27,5.58
experiment_TabMinHash_fakename_1k_2025-09-06_22-11-48,TabMinHash,fakename_1k.tsv,Eve,0.4,0.127782383101532,0.2396826586423518,0.1661133994436386,0.1661114488348531,,0.0,0.0,1036,2,4096,0.3691675044360461,leaky_relu,"{'name': 'Adam', 'lr': 0.0003541148718782639}",SoftMarginLoss,0.6094021689492675,{'name': 'None'},8,8.257107198238373,12,0.31576448243114913,0.25252525252525254,0.4218880534670008,0.31576666666666664,9,3,1.2,1.65,0.41,0.34,1.17,4.84
experiment_TabMinHash_fakename_1k_2025-09-07_10-52-23,TabMinHash,fakename_1k.tsv,Both,0.8,0.1335745514849992,0.251386403769514,0.1738277046661523,0.173826368159204,,0.0,0.0,1036,1,2048,0.3643320937472657,relu,"{'name': 'AdamW', 'lr': 0.0001765483190369825}",SoftMarginLoss,0.6642068822029505,"{'name': 'ReduceLROnPlateau', 'mode': 'min', 'factor': 0.3577584649127463, 'patience': 5}",16,13.763130486011505,20,0.2602963891538012,0.20202020202020202,0.37739648265964054,0.26030000000000003,23,6,1.82,1.42,0.45,0.29,2.73,6.75
experiment_TabMinHash_fakename_1k_2025-09-08_05-14-49,TabMinHash,fakename_1k.tsv,Both,0.4,0.2220442324263669,0.1435178785880707,0.167688627271321,0.1676856682769726,,0.0,0.0,1036,2,4096,0.26194610295732246,leaky_relu,"{'name': 'RMSprop', 'lr': 6.37883074923387e-05}",MultiLabelSoftMarginLoss,0.3451535933000737,"{'name': 'CyclicLR', 'base_lr': 1.1140842727396259e-05, 'max_lr': 0.0045586191938695245, 'step_size_up': 4000, 'mode_cyclic': 'exp_range'}",32,1.8846007585525513,11,0.28,0.25,0.3181818181818182,0.28,3,1,2.06,1.54,0.3,0.22,1.4,5.55
experiment_TabMinHash_fakename_1k_2025-09-08_06-21-28,TabMinHash,fakename_1k.tsv,Eve,0.6,0.8274444724660917,0.4243934481316078,0.5474350641828913,0.5474371567043618,,0.0,0.0,1036,1,4096,0.3975931361595524,elu,"{'name': 'Adam', 'lr': 4.4680218345821735e-05}",MultiLabelSoftMarginLoss,0.3155617796190585,"{'name': 'CyclicLR', 'base_lr': 2.071348333536299e-05, 'max_lr': 0.004753935329253042, 'step_size_up': 4000, 'mode_cyclic': 'triangular2'}",8,0.5699248413898443,11,0.5885465759808296,0.8511093803856962,0.46248279668975856,0.588553947368421,304,76,1.44,1.7,0.32,0.22,1.38,5.13
experiment_TabMinHash_fakename_20k_2025-09-05_21-02-13,TabMinHash,fakename_20k.tsv,Both,0.4,0.7955131798370683,0.2097899183748013,0.3205297056778427,0.3205252126022514,,0.0,0.0,1036,1,4096,0.34796547565786684,tanh,"{'name': 'Adam', 'lr': 0.00039483284033102104}",BCEWithLogitsLoss,0.40675188651613126,{'name': 'None'},8,0.9859281483917468,14,0.45160961343307987,0.8544791230275102,0.3215687265285288,0.4516032258064516,122,31,134.85,2.03,0.21,4.15,4.46,146.45
experiment_TabMinHash_fakename_20k_2025-09-06_07-15-31,TabMinHash,fakename_20k.tsv,Eve,0.6,0.97830033618875,0.9291499330557782,0.9517250581100922,0.9517240599625236,,0.0075,0.0708,1036,1,4096,0.17142003406540862,selu,"{'name': 'RMSprop', 'lr': 0.0008022263892661822}",BCEWithLogitsLoss,0.4947303842790195,"{'name': 'ReduceLROnPlateau', 'mode': 'min', 'factor': 0.1317415173911377, 'patience': 5}",16,0.1870921912013773,20,0.953792947787858,0.98131393003868,0.930317074179467,0.9537928303459773,9596,2399,43.55,8.63,0.41,2.67,3.09,59.67
experiment_TabMinHash_fakename_20k_2025-09-06_18-15-49,TabMinHash,fakename_20k.tsv,Eve,0.2,0.1363902322526717,0.1414571954191897,0.1383423164786502,0.1383408382590006,,0.0,0.0,1036,2,4096,0.2876931918965602,tanh,"{'name': 'RMSprop', 'lr': 0.0005286087194953301}",MultiLabelSoftMarginLoss,0.3306824641904987,{'name': 'None'},8,0.6393535703742247,20,0.7849984805052094,0.9085266028941277,0.7006837140228692,0.7850000000000001,1111,278,31.71,2.99,0.18,6.25,5.33,47.64
experiment_TabMinHash_fakename_20k_2025-09-06_22-30-24,TabMinHash,fakename_20k.tsv,Both,0.6,0.9677903210230568,0.9059504079648868,0.9339230352841053,0.9339232598810778,,0.005600000000000001,0.0449,1036,1,4096,0.13006429909646133,leaky_relu,"{'name': 'AdamW', 'lr': 7.684602602459623e-05}",BCEWithLogitsLoss,0.30931987345787615,{'name': 'None'},64,0.37664001813656117,20,0.9309075151927756,0.9679452805583685,0.9003379120690346,0.9309078763127193,6853,1714,45.31,12.73,0.52,1.91,2.76,64.18
experiment_TabMinHash_fakename_20k_2025-09-07_02-25-48,TabMinHash,fakename_20k.tsv,Eve,0.8,0.9960037240537244,0.5368317576910346,0.6879576968184108,0.6879612250000001,,0.0,0.0,1036,1,4096,0.2178266896391683,selu,"{'name': 'AdamW', 'lr': 0.0005418994521347732}",BCEWithLogitsLoss,0.796682033891825,"{'name': 'ReduceLROnPlateau', 'mode': 'min', 'factor': 0.4794962989114272, 'patience': 5}",64,0.09536007898859679,14,0.9493582747198487,0.9856410960802067,0.918583165661861,0.9493578125000001,12799,3200,66.21,10.15,0.62,1.34,2.82,82.57
experiment_TabMinHash_fakename_20k_2025-09-07_16-30-53,TabMinHash,fakename_20k.tsv,Both,0.2,0.1217854217854217,0.2296355168866093,0.1586229344371027,0.1586198288288288,,0.0,0.0,1036,2,2048,0.3677466943345725,gelu,"{'name': 'Adam', 'lr': 0.00010354520689123814}",SoftMarginLoss,0.6527708174020379,{'name': 'None'},16,5.533061921596527,8,0.2822290019055518,0.22222222222222224,0.3879385964912281,0.2822,8,3,170.63,1.88,0.51,3.75,6.67,184.07
experiment_TabMinHash_fakename_20k_2025-09-08_00-17-16,TabMinHash,fakename_20k.tsv,Eve,0.4,0.1774080324679434,0.1229168783076896,0.1444545653167863,0.144449724834901,,0.0,0.0,1036,1,2048,0.1615271331592843,selu,"{'name': 'RMSprop', 'lr': 0.00026756095177508585}",MultiLabelSoftMarginLoss,0.30243078248402494,"{'name': 'CosineAnnealingLR', 'T_max': 40.25414622941339, 'eta_min': 1e-06}",64,1.4690518081188202,16,0.3700716845878136,0.4143356643356643,0.3363922627080522,0.3700666666666667,8,3,77.06,1.73,0.55,6.63,5.46,92.63
experiment_TabMinHash_fakename_20k_2025-09-08_09-46-36,TabMinHash,fakename_20k.tsv,Both,0.8,0.9481027909013228,0.9316105950896508,0.9382536152364468,0.9382527636689564,,0.0066,0.07200000000000001,1036,1,4096,0.3523490466195274,tanh,"{'name': 'RMSprop', 'lr': 0.00010498765532140741}",MultiLabelSoftMarginLoss,0.40476995898773277,{'name': 'None'},8,0.11817281904236018,17,0.962737203224278,0.9788703849247602,0.9490857156837607,0.9627364114114111,10655,2664,46.98,11.67,0.61,1.17,2.69,64.32
experiment_TabMinHash_fakename_2k_2025-09-05_11-46-53,TabMinHash,fakename_2k.tsv,Eve,0.6,0.9820546037503648,0.3589662052376497,0.5153903209173532,0.5153910224438903,,0.0,0.0,1036,1,4096,0.1693989947698908,tanh,"{'name': 'RMSprop', 'lr': 2.5713616847198492e-05}",MultiLabelSoftMarginLoss,0.546577160878375,"{'name': 'ReduceLROnPlateau', 'mode': 'min', 'factor': 0.3300621316511734, 'patience': 15}",16,1.4671347289035719,20,0.7151317326827825,0.9432707461383933,0.5842225733298935,0.7151366666666668,958,240,2.25,2.03,0.2,0.27,2.61,7.49
experiment_TabMinHash_fakename_2k_2025-09-05_17-45-00,TabMinHash,fakename_2k.tsv,Both,0.6,0.1479870129870129,0.2804641016949631,0.1930567597508748,0.1930568571428571,,0.0,0.0,1036,2,4096,0.3503940097762134,selu,"{'name': 'RMSprop', 'lr': 0.0004903251926958604}",SoftMarginLoss,0.6708337214751198,"{'name': 'CyclicLR', 'base_lr': 1.498691929591654e-05, 'max_lr': 0.051982996146297665, 'step_size_up': 4000, 'mode_cyclic': 'triangular2'}",32,6.169424295425415,9,0.2999422799422799,0.23232323232323235,0.42595687264804916,0.29995,22,6,6.75,1.36,0.12,0.47,2.13,10.91
experiment_TabMinHash_fakename_2k_2025-09-06_15-12-46,TabMinHash,fakename_2k.tsv,Both,0.2,0.0,0.0,0.0,0.0,,,,1036,1,4096,0.14692166228491016,relu,"{'name': 'Adam', 'lr': 4.901341108643382e-05}",SoftMarginLoss,0.7283093817223916,"{'name': 'ExponentialLR', 'gamma': 0.8524625882697534}",64,4.157095015048981,6,0.14285714285714285,0.5,0.08333333333333333,0.1429,1,1,,,,,,
experiment_TabMinHash_fakename_2k_2025-09-06_21-06-09,TabMinHash,fakename_2k.tsv,Eve,0.8,0.9432772510948776,0.7051887997827344,0.8017887572218042,0.8017920398009949,,0.0,0.0,1036,1,4096,0.24336361779957352,selu,"{'name': 'RMSprop', 'lr': 0.0005714413926295066}",BCEWithLogitsLoss,0.39121544894104393,{'name': 'None'},32,0.6198071094229817,20,0.798707121377677,0.9649328513763498,0.6911518120570148,0.7987090625,1277,320,0.64,2.19,0.41,0.14,2.88,6.4
experiment_TabMinHash_fakename_2k_2025-09-06_22-22-27,TabMinHash,fakename_2k.tsv,Both,0.8,0.0983914093496636,0.0954882270159613,0.09652829001686,0.0965219941348973,,0.0,0.0,1036,1,4096,0.20291434709635156,tanh,"{'name': 'AdamW', 'lr': 0.0002831488286265955}",MultiLabelSoftMarginLoss,0.47081693058021923,"{'name': 'CyclicLR', 'base_lr': 5.7537349101753305e-05, 'max_lr': 0.058718146059919395, 'step_size_up': 4000, 'mode_cyclic': 'triangular2'}",8,0.6245844897796523,13,0.7882047303752208,0.9494954958069044,0.68280754966636,0.788206037735849,1060,265,2.82,2.3,0.15,0.12,2.44,7.96
experiment_TabMinHash_fakename_2k_2025-09-07_08-49-47,TabMinHash,fakename_2k.tsv,Eve,0.4,0.8982061949818959,0.4128090880971453,0.5536501057983046,0.5536511526479748,,0.0,0.0,1036,1,4096,0.15311685189121843,selu,"{'name': 'RMSprop', 'lr': 6.015227187205734e-05}",MultiLabelSoftMarginLoss,0.346827026306685,"{'name': 'CosineAnnealingLR', 'T_max': 26.53968683887696, 'eta_min': 1e-06}",8,0.974391405718236,20,0.5533677509056305,0.9362753631740974,0.4054331531052932,0.5533683544303797,315,79,2.3,1.65,0.47,0.55,2.01,7.1
experiment_TabMinHash_fakename_2k_2025-09-07_15-31-32,TabMinHash,fakename_2k.tsv,Both,0.4,0.1427154455357517,0.0976210020467378,0.1153215234170772,0.1153199033037872,,0.0,0.0,1036,1,1024,0.2198511736118124,relu,"{'name': 'Adam', 'lr': 2.858745781135403e-05}",MultiLabelSoftMarginLoss,0.3238543610387391,"{'name': 'ReduceLROnPlateau', 'mode': 'min', 'factor': 0.1095621409991185, 'patience': 5}",64,6.108942650258541,20,0.42903225806451617,0.5288461538461539,0.3611111111111111,0.42905,7,2,3.26,1.28,0.47,0.43,2.16,7.67
experiment_TabMinHash_fakename_5k_2025-09-05_08-27-02,TabMinHash,fakename_5k.tsv,Eve,0.2,0.0161882934992178,0.0305304200701078,0.0210836714724408,0.0210828131252501,,0.0,0.0,1036,2,512,0.3921275901759024,relu,"{'name': 'AdamW', 'lr': 5.549327960676686e-05}",SoftMarginLoss,0.308994423652479,{'name': 'None'},32,13.864605724811554,20,0.11764705882352942,0.09090909090909091,0.16666666666666666,0.1176,1,1,6.54,1.45,0.04,1.65,3.38,13.33
experiment_TabMinHash_fakename_5k_2025-09-05_20-45-04,TabMinHash,fakename_5k.tsv,Both,0.6,0.9544925512104282,0.0935137883174287,0.1677969644452563,0.1677909217877095,,0.0,0.0,1036,1,4096,0.3649541644952353,elu,"{'name': 'RMSprop', 'lr': 2.2094840386711052e-05}",BCEWithLogitsLoss,0.3519790558388565,{'name': 'None'},32,0.5634592760563175,20,0.8340657838393011,0.9267851830076954,0.7655438208939588,0.8340672897196263,1711,428,4.64,2.29,0.28,0.47,2.15,10.07
experiment_TabMinHash_fakename_5k_2025-09-06_08-15-11,TabMinHash,fakename_5k.tsv,Eve,0.8,0.9658898787849556,0.7204896268107218,0.8205768765451971,0.8205770229770228,,0.001,0.0,1036,1,4096,0.328924375068542,leaky_relu,"{'name': 'RMSprop', 'lr': 0.0005286087194953301}",BCEWithLogitsLoss,0.3695574796987577,"{'name': 'ReduceLROnPlateau', 'mode': 'min', 'factor': 0.4825349397261278, 'patience': 15}",8,0.31320371074602005,16,0.8854223346027176,0.9424607010638758,0.8392080456341084,0.8854222499999999,3198,800,1.99,3.82,0.5,0.34,2.19,9.19
experiment_TabMinHash_fakename_5k_2025-09-06_15-49-20,TabMinHash,fakename_5k.tsv,Both,0.2,0.1100904388526185,0.2094519339814072,0.1438184637615835,0.1438133164922411,,0.0,0.0,1036,1,2048,0.13367668496667948,gelu,"{'name': 'Adam', 'lr': 0.00037416499456054266}",SoftMarginLoss,0.3217229975745383,"{'name': 'CyclicLR', 'base_lr': 9.573586692103609e-05, 'max_lr': 0.0034222710317319883, 'step_size_up': 4000, 'mode_cyclic': 'triangular'}",8,6.219778418540955,9,0.23265460030165916,0.18181818181818182,0.32309941520467833,0.23265,4,2,40.96,1.99,0.31,0.95,2.27,46.64
experiment_TabMinHash_fakename_5k_2025-09-06_19-03-28,TabMinHash,fakename_5k.tsv,Eve,0.4,0.8251623963073218,0.5459124981909543,0.6482690847244964,0.6482738174550298,,0.0,0.0,1036,1,1024,0.1013575933593707,elu,"{'name': 'Adam', 'lr': 0.0005463432644948606}",MultiLabelSoftMarginLoss,0.43645516084293556,"{'name': 'CyclicLR', 'base_lr': 1.5909735433377662e-05, 'max_lr': 0.0030028444332739802, 'step_size_up': 4000, 'mode_cyclic': 'triangular2'}",16,0.6625460871309041,19,0.8049370825468293,0.9461972997440296,0.7088746955698875,0.804938,1597,400,2.94,2.21,0.19,1.03,2.22,8.9
experiment_TabMinHash_fakename_5k_2025-09-07_01-15-52,TabMinHash,fakename_5k.tsv,Both,0.8,0.9779822323462488,0.7205895422626446,0.8246190930723863,0.8246207434052758,,0.0,0.0,1036,1,1024,0.3123660313636543,elu,"{'name': 'AdamW', 'lr': 0.0006048939148687821}",BCEWithLogitsLoss,0.640814235446061,"{'name': 'ReduceLROnPlateau', 'mode': 'min', 'factor': 0.4470298476191573, 'patience': 10}",8,0.3108784250713985,14,0.8278298996605593,0.9737409908009398,0.7278953015490653,0.827829835082459,2665,667,5.91,3.17,0.41,0.3,3.11,13.19
experiment_TabMinHash_fakename_5k_2025-09-07_19-34-58,TabMinHash,fakename_5k.tsv,Both,0.4,0.126116828354908,0.23840296410462,0.1644077091805933,0.1644054492377554,,0.0,0.0,1036,1,4096,0.24481154672803243,tanh,"{'name': 'Adam', 'lr': 0.00014388399639844978}",SoftMarginLoss,0.5630948290163891,"{'name': 'ReduceLROnPlateau', 'mode': 'min', 'factor': 0.1579265919563763, 'patience': 5}",64,13.675647735595703,20,0.35606708727579717,0.28619528619528617,0.4740337549161079,0.35605555555555557,33,9,23.2,1.87,0.49,1.05,2.35,29.14
experiment_TabMinHash_fakename_5k_2025-09-07_21-36-44,TabMinHash,fakename_5k.tsv,Eve,0.6,0.9633378571847804,0.364126078340324,0.5185296084200431,0.5185296648324166,,0.0,0.0,1036,1,2048,0.3405834898487404,selu,"{'name': 'AdamW', 'lr': 2.2382738769253583e-05}",MultiLabelSoftMarginLoss,0.3923791081087443,"{'name': 'CosineAnnealingLR', 'T_max': 35.73154421970383, 'eta_min': 1e-05}",8,0.4704275613774856,20,0.8642558185934905,0.9627753050902449,0.7908425961333868,0.8642556666666666,2400,600,1.6,3.82,0.68,0.69,2.42,9.55
experiment_TabMinHash_titanic_full_2025-09-05_20-36-54,TabMinHash,titanic_full.tsv,Eve,0.4,0.3929472025216706,0.1080432946194625,0.1650041456916845,0.1649998817966903,,0.0,0.0,1036,1,1024,0.283024278055837,gelu,"{'name': 'RMSprop', 'lr': 1.7237599455947173e-05}",MultiLabelSoftMarginLoss,0.31973656928215943,"{'name': 'CyclicLR', 'base_lr': 0.0008088917853488035, 'max_lr': 0.05384463535475882, 'step_size_up': 4000, 'mode_cyclic': 'triangular2'}",16,1.2845478057861328,20,0.401337281951317,0.7460317460317459,0.2932900432900433,0.4013333333333333,36,9,2.83,1.79,0.24,0.29,2.97,8.17
experiment_TabMinHash_titanic_full_2025-09-05_23-28-40,TabMinHash,titanic_full.tsv,Both,0.6,0.209366391184573,0.4328024427079541,0.2750142819387993,0.2750149831649832,,0.0,0.0,1036,1,4096,0.23065562812139756,selu,"{'name': 'RMSprop', 'lr': 0.00012882832038720388}",SoftMarginLoss,0.6005325098037253,"{'name': 'ReduceLROnPlateau', 'mode': 'min', 'factor': 0.4616764830209712, 'patience': 5}",64,4.784747838973999,7,0.32996304488460565,0.24579124579124578,0.5149029982363316,0.3299666666666667,33,9,6.23,1.53,0.14,0.21,159.38,167.52
experiment_TabMinHash_titanic_full_2025-09-06_16-35-58,TabMinHash,titanic_full.tsv,Both,0.2,0.0301178794050484,0.0627900900330015,0.0395837763345778,0.0395828920570264,,0.0,0.0,1036,1,4096,0.3615603675786088,tanh,"{'name': 'AdamW', 'lr': 0.0004840923433474459}",BCEWithLogitsLoss,0.37876377678992984,"{'name': 'CosineAnnealingLR', 'T_max': 31.982868597469285, 'eta_min': 1e-06}",64,6.593141615390778,20,0.4000000000000001,0.4,0.4,0.4,3,1,2.26,1.4,0.35,0.17,0.49,4.7
experiment_TabMinHash_titanic_full_2025-09-06_22-16-39,TabMinHash,titanic_full.tsv,Eve,0.6,0.4924578651922532,0.3334371039573457,0.3875742659982412,0.3875697604790419,,0.0,0.0,1036,1,4096,0.3747893715336163,selu,"{'name': 'Adam', 'lr': 0.000998809224253442}",BCEWithLogitsLoss,0.30359354039523834,"{'name': 'CyclicLR', 'base_lr': 3.077003724523518e-05, 'max_lr': 0.03362135640381915, 'step_size_up': 4000, 'mode_cyclic': 'triangular'}",8,0.520887360142337,12,0.5983102787544574,0.7958512166845501,0.5005214996752664,0.5983,177,45,1.94,1.62,0.15,0.23,1.81,5.79
experiment_TabMinHash_titanic_full_2025-09-07_01-29-03,TabMinHash,titanic_full.tsv,Both,0.8,0.9161882356130988,0.5595001026060764,0.6784251010187242,0.6784256410256411,,0.0,0.0,1036,1,2048,0.2995547596216435,selu,"{'name': 'RMSprop', 'lr': 3.922838329724257e-05}",MultiLabelSoftMarginLoss,0.6389300179804841,"{'name': 'CyclicLR', 'base_lr': 5.11130083203694e-05, 'max_lr': 0.06484908286220965, 'step_size_up': 4000, 'mode_cyclic': 'exp_range'}",16,0.8060642644085667,20,0.7056895378773587,0.9616292130329563,0.5772237829940657,0.70569,437,110,2.62,1.83,0.43,0.07,1.48,6.48
experiment_TabMinHash_titanic_full_2025-09-07_21-25-50,TabMinHash,titanic_full.tsv,Both,0.4,0.1677670560352125,0.34106346886752,0.219114751985752,0.2191152700186219,,0.0,0.0,1036,1,4096,0.22709776350465277,selu,"{'name': 'RMSprop', 'lr': 8.954501504469377e-05}",SoftMarginLoss,0.6041805897791677,"{'name': 'CosineAnnealingLR', 'T_max': 42.670269590400345, 'eta_min': 0}",64,8.22970050573349,12,0.3112906031978009,0.2272727272727273,0.5024038461538461,0.3113,15,4,6.64,1.42,0.18,0.19,2.44,10.89
experiment_TabMinHash_titanic_full_2025-09-08_09-39-41,TabMinHash,titanic_full.tsv,Eve,0.8,0.9334440465197296,0.557235681862953,0.6825261467390518,0.6825285,,0.0,0.0,1036,1,4096,0.1481764678453088,gelu,"{'name': 'AdamW', 'lr': 1.5040627290640897e-05}",BCEWithLogitsLoss,0.30380898906413917,"{'name': 'CyclicLR', 'base_lr': 0.0006989751559819696, 'max_lr': 0.009130055697614384, 'step_size_up': 4000, 'mode_cyclic': 'triangular'}",16,0.4676028901749119,15,0.7516804835148212,0.9329270120512934,0.6491886364611599,0.7516857142857143,392,98,1.7,1.66,0.58,0.15,2.77,6.91
experiment_TwoStepHash_euro_person_2025-09-05_14-09-56,TwoStepHash,euro_person.tsv,Both,0.8,0.9944663259612428,0.98993057140244,0.99198227420565,0.9919813494732128,,0.0007000000000000001,0.2473,1036,1,4096,0.10709093517003765,tanh,"{'name': 'RMSprop', 'lr': 3.762556443180865e-05}",MultiLabelSoftMarginLoss,0.42940600332722056,"{'name': 'ReduceLROnPlateau', 'mode': 'min', 'factor': 0.11909264535079278, 'patience': 5}",8,0.027493835248618363,17,0.992319539633592,0.9964847341596026,0.9886048133977388,0.99231866892273,14180,3546,62.59,44.18,2.09,1.5,2.14,126.81
experiment_TwoStepHash_euro_person_2025-09-05_17-55-55,TwoStepHash,euro_person.tsv,Both,0.2,0.992095573870182,0.8292779594644664,0.9001450181317879,0.9001464246517518,,0.0003,0.0054,1036,1,4096,0.3811005124154756,selu,"{'name': 'Adam', 'lr': 4.865039546844355e-05}",MultiLabelSoftMarginLoss,0.6559496655095245,{'name': 'None'},8,0.08776211716171543,11,0.9277433745846599,0.9887159946031361,0.877964104849108,0.9277444067796614,2356,590,34.69,8.17,0.82,4.02,4.88,57.94
experiment_TwoStepHash_euro_person_2025-09-06_11-39-01,TwoStepHash,euro_person.tsv,Both,0.4,0.9914051820767936,0.9400657409495656,0.96403543249237,0.9640338732253568,,0.0011,0.0767,1036,1,1024,0.249329047208744,elu,"{'name': 'RMSprop', 'lr': 2.508338504320471e-05}",BCEWithLogitsLoss,0.4927688280816828,"{'name': 'ReduceLROnPlateau', 'mode': 'min', 'factor': 0.10830756167441519, 'patience': 15}",16,0.05568063947097231,14,0.9740669107781532,0.9909511326824545,0.9590841776783567,0.974065286144579,5310,1328,46.55,7.15,0.63,3.41,3.44,70.09
experiment_TwoStepHash_euro_person_2025-09-06_12-55-27,TwoStepHash,euro_person.tsv,Eve,0.6,0.9842352758988532,0.9691570513775568,0.9760329658477052,0.9760311086079034,,0.0007000000000000001,0.17190000000000003,1036,1,4096,0.3653739647286463,selu,"{'name': 'RMSprop', 'lr': 0.0005064468964236253}",BCEWithLogitsLoss,0.5962406155448575,"{'name': 'ReduceLROnPlateau', 'mode': 'min', 'factor': 0.4196768452893711, 'patience': 5}",16,0.018590230181340837,11,0.9891065889451467,0.9963146265545507,0.9826155280797827,0.9891051017214394,12777,3195,84.1,20.84,0.75,3.62,3.96,131.73
experiment_TwoStepHash_euro_person_2025-09-06_21-23-06,TwoStepHash,euro_person.tsv,Eve,0.2,0.981074949859302,0.9527538511555408,0.9658408409239304,0.9658393071723612,,0.001,0.09960000000000001,1036,1,1024,0.27136245550136856,elu,"{'name': 'RMSprop', 'lr': 0.0006650652290965784}",BCEWithLogitsLoss,0.40489961396454655,{'name': 'None'},8,0.049558658059598894,10,0.9667657344827876,0.9803381620077416,0.9553375197110014,0.966764567669173,4256,1064,11.89,8.62,0.51,7.31,6.33,48.69
experiment_TwoStepHash_euro_person_2025-09-07_11-10-47,TwoStepHash,euro_person.tsv,Eve,0.8,0.9976589504712684,0.988573430532502,0.9928746082016808,0.9928738077356364,,0.0015,0.242,1036,1,4096,0.36174785073954563,relu,"{'name': 'RMSprop', 'lr': 1.690982089592258e-05}",MultiLabelSoftMarginLoss,0.48003249900598377,"{'name': 'ReduceLROnPlateau', 'mode': 'min', 'factor': 0.26648126079773493, 'patience': 10}",16,0.012031882671429446,10,0.9936484374266098,0.9985257307496819,0.9891767104865211,0.993647535211267,17038,4260,60.74,29.39,1.49,1.83,3.16,116.52
experiment_TwoStepHash_euro_person_2025-09-08_05-20-22,TwoStepHash,euro_person.tsv,Eve,0.4,0.9824881829458456,0.7743491868349793,0.8626420651504088,0.8626445265068531,,0.0001,0.0001,1036,1,2048,0.3976783692427878,selu,"{'name': 'RMSprop', 'lr': 0.0005127397030166601}",MultiLabelSoftMarginLoss,0.4777593147698684,"{'name': 'CosineAnnealingLR', 'T_max': 15.230796462415855, 'eta_min': 1e-06}",32,0.07602440262619982,19,0.9832432170278711,0.9942529950243584,0.9733714402697748,0.9832416431924883,8517,2130,18.9,12.64,1.05,5.39,5.38,61.08
experiment_TwoStepHash_euro_person_2025-09-08_08-07-42,TwoStepHash,euro_person.tsv,Both,0.6,0.9942860070141644,0.9763775935613176,0.9848451170462742,0.9848435517693322,,0.0007000000000000001,0.17329999999999998,1036,1,4096,0.16477510501874942,gelu,"{'name': 'RMSprop', 'lr': 0.00046635312476100553}",BCEWithLogitsLoss,0.41918549503211355,{'name': 'None'},8,0.018979764525191203,8,0.9830583181853961,0.9906783447635379,0.976411176704058,0.9830565847234416,9109,2278,47.14,24.18,2.36,2.61,3.09,91.99
experiment_TwoStepHash_fakename_1k_2025-09-06_07-08-00,TwoStepHash,fakename_1k.tsv,Both,0.2,0.1975234696156042,0.1172518487794219,0.1430645851695238,0.1430593128390596,,0.0,0.0,1036,2,128,0.280022225822751,elu,"{'name': 'Adam', 'lr': 8.954501504469377e-05}",BCEWithLogitsLoss,0.5668504494379942,{'name': 'None'},32,13.054116249084473,20,0.22222222222222224,0.3,0.17647058823529413,0.2222,1,1,4.69,1.34,0.27,0.19,0.97,7.51
experiment_TwoStepHash_fakename_2k_2025-09-07_11-05-03,TwoStepHash,fakename_2k.tsv,Both,0.2,0.0,0.0,0.0,0.0,,,,1036,2,1024,0.3918846171197512,tanh,"{'name': 'AdamW', 'lr': 4.901341108643382e-05}",MultiLabelSoftMarginLoss,0.7266309733169023,{'name': 'None'},32,11.039451330900192,20,0.20000000000000004,0.23076923076923078,0.17647058823529413,0.2,1,1,,,,,,
