output_dim,num_layers,hidden_layer_size,dropout_rate,activation_fn,optimizer,loss_fn,threshold,lr_scheduler,batch_size,average_dice,average_precision,average_recall,average_f1
1036,2,1024,0.36347100827684564,tanh,"{'name': 'RMSprop', 'lr': 0.0007163457648875775}",MultiLabelSoftMarginLoss,0.3252844682113818,"{'name': 'ExponentialLR', 'gamma': 0.8930813865110119}",8,0.048239772727272735,0.03719008264462811,0.06922435703078057,0.048245581943845046
1036,2,1024,0.14446311160975298,relu,"{'name': 'Adam', 'lr': 1.6718135834133568e-05}",SoftMarginLoss,0.6180283201697641,{'name': 'None'},64,0.20192386363636372,0.15564738292011016,0.2897817956887565,0.20192024635908093
1036,1,128,0.37132814347175247,selu,"{'name': 'Adam', 'lr': 0.00047811178423406184}",MultiLabelSoftMarginLoss,0.6770378170032201,"{'name': 'ReduceLROnPlateau', 'mode': 'min', 'factor': 0.49886810057028985, 'patience': 15}",16,0.10025227272727272,0.9204545454545454,0.05306094344116407,0.10025980562778156
1036,2,128,0.3222150820126086,tanh,"{'name': 'SGD', 'lr': 0.007965039462930295, 'momentum': 0.8505390561537209}",BCEWithLogitsLoss,0.5080104159339704,"{'name': 'CosineAnnealingLR', 'T_max': 14.441547220671376, 'eta_min': 1e-06}",64,0.016078409090909088,0.01239669421487603,0.023039826435456587,0.01608183335920915
1036,2,128,0.2916585129274697,relu,"{'name': 'Adam', 'lr': 3.901904750009937e-05}",MultiLabelSoftMarginLoss,0.44150307553133605,"{'name': 'ReduceLROnPlateau', 'mode': 'min', 'factor': 0.33241859651356603, 'patience': 15}",16,0.10025227272727272,0.9204545454545454,0.05306094344116407,0.10025980562778156
1036,2,1024,0.27759714026283944,relu,"{'name': 'SGD', 'lr': 0.005073787874163927, 'momentum': 0.7671345979304193}",MultiLabelSoftMarginLoss,0.4548253546138038,"{'name': 'StepLR', 'step_size': 20, 'gamma': 0.7597449913823492}",8,0.021826136363636367,0.016873278236914604,0.0311581026843657,0.021826229715934484
1036,3,2048,0.22565883575580375,gelu,"{'name': 'RMSprop', 'lr': 3.566459239376576e-05}",BCEWithLogitsLoss,0.780635162395074,"{'name': 'StepLR', 'step_size': 20, 'gamma': 0.3917119928110264}",16,0.10025227272727272,0.9204545454545454,0.05306094344116407,0.10025980562778156
1036,2,512,0.3924914254976971,selu,"{'name': 'Adam', 'lr': 0.0005191833950895749}",SoftMarginLoss,0.3460765194390108,"{'name': 'ExponentialLR', 'gamma': 0.8872726892324921}",64,0.2126840909090909,0.1632231404958678,0.30799082275639894,0.21268169200666961
1036,1,256,0.25551259211803323,gelu,"{'name': 'Adam', 'lr': 0.00010691875010819119}",BCEWithLogitsLoss,0.5810962092693004,"{'name': 'ExponentialLR', 'gamma': 0.8649639413684684}",32,0.004922727272727273,0.016856060606060604,0.002922965351455054,0.004924242424242425
1036,1,128,0.3548730650790811,elu,"{'name': 'SGD', 'lr': 0.0020904404769467922, 'momentum': 0.82771848241517}",SoftMarginLoss,0.5158413026869313,"{'name': 'ExponentialLR', 'gamma': 0.9505826193823382}",16,0.013851136363636362,0.010674931129476583,0.019883746726551795,0.013852711634310644
1036,2,256,0.26576695487258123,tanh,"{'name': 'Adam', 'lr': 0.00011130560276732858}",BCEWithLogitsLoss,0.4516233273946283,"{'name': 'CosineAnnealingLR', 'T_max': 10.75312380064275, 'eta_min': 1e-05}",8,0.10025227272727273,0.9204545454545454,0.05306094344116407,0.10025980562778153
1036,2,2048,0.13126244697709155,selu,"{'name': 'AdamW', 'lr': 2.5645352764944398e-05}",BCEWithLogitsLoss,0.3464872689531539,"{'name': 'ReduceLROnPlateau', 'mode': 'min', 'factor': 0.23518799169619153, 'patience': 5}",8,0.5801863636363636,0.8896700837041746,0.44211489980149205,0.5801876291490405
1036,2,1024,0.1653717064179593,selu,"{'name': 'SGD', 'lr': 0.0004587604635075859, 'momentum': 0.7473907981567457}",SoftMarginLoss,0.6846524712090363,"{'name': 'ReduceLROnPlateau', 'mode': 'min', 'factor': 0.2317414096999819, 'patience': 5}",8,0.0,0.0,0.0,0.0
1036,3,128,0.3493047684481151,relu,"{'name': 'SGD', 'lr': 0.0017784987964318602, 'momentum': 0.8454761703320987}",SoftMarginLoss,0.6118926804592448,"{'name': 'ReduceLROnPlateau', 'mode': 'min', 'factor': 0.42098392613494817, 'patience': 15}",8,0.0,0.0,0.0,0.0
1036,3,256,0.2637963504918615,relu,"{'name': 'RMSprop', 'lr': 0.0001676167122636824}",SoftMarginLoss,0.7338077016188737,"{'name': 'CyclicLR', 'base_lr': 7.344227132428138e-05, 'max_lr': 0.00138691273281458, 'step_size_up': 4000, 'mode_cyclic': 'triangular2'}",16,0.17886477272727275,0.13705234159779614,0.2598877701783506,0.1788626073060083
1036,3,512,0.19417246070759303,leaky_relu,"{'name': 'AdamW', 'lr': 0.0002537047844070776}",SoftMarginLoss,0.7878409425320614,"{'name': 'CyclicLR', 'base_lr': 0.00010627716274854375, 'max_lr': 0.05548966814012723, 'step_size_up': 4000, 'mode_cyclic': 'triangular'}",64,0.16606931818181822,0.12775482093663904,0.23946514857854326,0.16607491329900437
1036,3,512,0.10555010313919244,leaky_relu,"{'name': 'AdamW', 'lr': 1.48764169680208e-05}",SoftMarginLoss,0.7658028646849249,{'name': 'None'},64,0.09408409090909094,0.875,0.04975175263197325,0.09409097445895034
1036,3,512,0.1100384967255506,leaky_relu,"{'name': 'AdamW', 'lr': 0.0007466743341082265}",SoftMarginLoss,0.3135663073921531,{'name': 'None'},64,0.15077613636363635,0.1163911845730027,0.21592360351796264,0.15077718410078375
1036,3,512,0.12650108733043847,leaky_relu,"{'name': 'AdamW', 'lr': 5.70680061084657e-05}",SoftMarginLoss,0.3010722787107444,{'name': 'None'},64,0.18830568181818183,0.1446280991735537,0.2723046588257134,0.1883058391692554
1036,3,512,0.10640218455083603,selu,"{'name': 'Adam', 'lr': 0.00014217102774193493}",SoftMarginLoss,0.3134590210153203,{'name': 'None'},64,0.1711784090909091,0.13154269972451785,0.24713008675371312,0.17118137419908477
1036,1,512,0.12383214695245354,selu,"{'name': 'Adam', 'lr': 0.00038371276952028764}",SoftMarginLoss,0.3222423702503616,{'name': 'None'},64,0.258678409090909,0.19869146005509639,0.3740479190840336,0.2586768294512383
1036,1,512,0.20304130731021874,selu,"{'name': 'Adam', 'lr': 4.452739905411815e-05}",SoftMarginLoss,0.33589499466944456,{'name': 'None'},64,0.13221818181818182,0.10158402203856744,0.19112801448484545,0.13222566914711956
1036,1,2048,0.1980414295356508,selu,"{'name': 'Adam', 'lr': 0.00027060080009362624}",SoftMarginLoss,0.6310105282882935,{'name': 'None'},64,0.19020340909090908,0.14497245179063356,0.27897925483512204,0.19020906388148287
1036,1,2048,0.18659390531394832,selu,"{'name': 'Adam', 'lr': 1.865682335647301e-05}",SoftMarginLoss,0.3864932048115062,"{'name': 'StepLR', 'step_size': 10, 'gamma': 0.844423414139215}",32,0.25283636363636364,0.19421487603305776,0.3654411681997258,0.25283741908063906
1036,1,2048,0.21489733723649665,elu,"{'name': 'Adam', 'lr': 0.00039751802617332335}",SoftMarginLoss,0.3975836583616807,"{'name': 'StepLR', 'step_size': 10, 'gamma': 0.27811938818142834}",32,0.25273977272727277,0.19387052341597785,0.3663940956640444,0.2527369566238207
1036,1,2048,0.2145431280221728,selu,"{'name': 'Adam', 'lr': 0.00027214923057527845}",BCEWithLogitsLoss,0.38398537314446524,"{'name': 'StepLR', 'step_size': 20, 'gamma': 0.6634823651777041}",32,0.0261875,0.0203168044077135,0.03713006299042365,0.02618706073258812
1036,1,2048,0.3952661876774283,selu,"{'name': 'Adam', 'lr': 0.0004032100449614778}",BCEWithLogitsLoss,0.387924801571702,"{'name': 'StepLR', 'step_size': 20, 'gamma': 0.4688268544782497}",32,0.0696875,0.05371900826446279,0.10010976106915392,0.06969160593159086
1036,1,2048,0.1456167765563816,selu,"{'name': 'Adam', 'lr': 4.485184233021157e-05}",SoftMarginLoss,0.40788638553629836,"{'name': 'ExponentialLR', 'gamma': 0.9165917043294883}",32,0.26946136363636364,0.2073002754820936,0.3884118720170656,0.26946206074717893
1036,2,1024,0.15368510557159032,elu,"{'name': 'Adam', 'lr': 0.00016055175770178317}",SoftMarginLoss,0.38751380903953336,"{'name': 'ExponentialLR', 'gamma': 0.9880388201038923}",64,0.23954431818181818,0.18388429752066118,0.3467391224865197,0.23954535693703302
1036,1,2048,0.15459715420681838,selu,"{'name': 'Adam', 'lr': 0.0007508083927372526}",SoftMarginLoss,0.37468884243214406,"{'name': 'StepLR', 'step_size': 20, 'gamma': 0.8113044285638867}",32,0.2599943181818182,0.2000688705234159,0.37476402187391605,0.2599969807895502
1036,1,2048,0.14603772733556003,selu,"{'name': 'Adam', 'lr': 8.623793856685535e-05}",SoftMarginLoss,0.38402779338349485,"{'name': 'StepLR', 'step_size': 5, 'gamma': 0.8041983955804509}",32,0.24836704545454547,0.19077134986225888,0.3590110616621434,0.2483646018180311
1036,1,2048,0.14978132204150135,selu,"{'name': 'Adam', 'lr': 0.000835234275684715}",SoftMarginLoss,0.38106870814538313,"{'name': 'ExponentialLR', 'gamma': 0.9750201907355096}",32,0.2681875,0.20626721763085387,0.3867709401792089,0.2681822678975625
1036,1,2048,0.1608631262586883,elu,"{'name': 'Adam', 'lr': 0.00027438227211672167}",SoftMarginLoss,0.3960261769075064,"{'name': 'StepLR', 'step_size': 20, 'gamma': 0.651409308372764}",32,0.27156704545454546,0.20867768595041314,0.3923515137164388,0.2715655521589491
1036,1,2048,0.1624788606284776,elu,"{'name': 'Adam', 'lr': 0.0007554721195318324}",SoftMarginLoss,0.4012674652695993,"{'name': 'StepLR', 'step_size': 5, 'gamma': 0.29569301924181285}",32,0.2280659090909091,0.17527548209366384,0.3295658631374621,0.22806986606658503
1036,1,2048,0.17290573038634044,elu,"{'name': 'Adam', 'lr': 0.00031064327521822173}",SoftMarginLoss,0.39490805340401586,"{'name': 'StepLR', 'step_size': 20, 'gamma': 0.6433976010594197}",32,0.1637818181818182,0.1260330578512396,0.23594749081351798,0.16378245669544814
1036,1,2048,0.1781760725171997,selu,"{'name': 'Adam', 'lr': 3.195640519089474e-05}",SoftMarginLoss,0.4161608749607381,"{'name': 'StepLR', 'step_size': 5, 'gamma': 0.7367305139361252}",32,0.27850568181818186,0.21384297520661147,0.4030960955364245,0.27850716349953974
1036,1,2048,0.17656857034853113,selu,"{'name': 'Adam', 'lr': 8.915751598291814e-05}",MultiLabelSoftMarginLoss,0.425255065002882,"{'name': 'CyclicLR', 'base_lr': 0.00038600786480847706, 'max_lr': 0.005245237959440417, 'step_size_up': 4000, 'mode_cyclic': 'triangular2'}",32,0.541265909090909,0.9418085386835386,0.3911387019927797,0.5412608446268627
1036,1,2048,0.16915985058862731,selu,"{'name': 'RMSprop', 'lr': 2.493130890134027e-05}",MultiLabelSoftMarginLoss,0.42917256464781234,"{'name': 'ExponentialLR', 'gamma': 0.9846296689241425}",32,0.10025227272727273,0.9204545454545454,0.05306094344116408,0.10025980562778157
1036,1,2048,0.17206349927041426,selu,"{'name': 'RMSprop', 'lr': 0.0001054229294592433}",MultiLabelSoftMarginLoss,0.4875636286297341,"{'name': 'ExponentialLR', 'gamma': 0.952748851840278}",32,0.10025227272727273,0.9204545454545454,0.05306094344116408,0.10025980562778157
1036,1,2048,0.1723824565194672,selu,"{'name': 'RMSprop', 'lr': 6.638873402523768e-05}",MultiLabelSoftMarginLoss,0.34835363752806053,"{'name': 'ExponentialLR', 'gamma': 0.8997184469636003}",32,0.10564545454545456,0.9204545454545454,0.056378459258679896,0.10565275826338126
1036,1,2048,0.1708769469084249,selu,"{'name': 'RMSprop', 'lr': 6.521216172701691e-05}",MultiLabelSoftMarginLoss,0.43119213601550255,"{'name': 'ExponentialLR', 'gamma': 0.907287530129991}",32,0.38229659090909096,0.952340367965368,0.24801920641965872,0.3823003853432228
1036,1,2048,0.17518919648587952,elu,"{'name': 'RMSprop', 'lr': 0.0001225632396400669}",MultiLabelSoftMarginLoss,0.4352687897333646,"{'name': 'ExponentialLR', 'gamma': 0.9260857817973909}",32,0.10025227272727273,0.9204545454545454,0.05306094344116408,0.10025980562778157
1036,1,2048,0.13056646750344889,elu,"{'name': 'Adam', 'lr': 9.869783625407886e-05}",MultiLabelSoftMarginLoss,0.429189110262096,"{'name': 'ExponentialLR', 'gamma': 0.8688700098884413}",32,0.10025227272727273,0.9204545454545454,0.05306094344116408,0.10025980562778157
1036,1,2048,0.13388678633983814,tanh,"{'name': 'RMSprop', 'lr': 9.820892494175012e-05}",MultiLabelSoftMarginLoss,0.513542455660533,"{'name': 'ExponentialLR', 'gamma': 0.8736745460588912}",32,0.10025227272727273,0.9204545454545454,0.05306094344116408,0.10025980562778157
1036,1,2048,0.1311392224701008,tanh,"{'name': 'Adam', 'lr': 1.787605048829961e-05}",SoftMarginLoss,0.49481407779325715,"{'name': 'CosineAnnealingLR', 'T_max': 44.86331708270205, 'eta_min': 1e-05}",32,0.26135340909090915,0.20075757575757566,0.37786644654939133,0.26135266536366647
1036,1,2048,0.13213588230661275,tanh,"{'name': 'Adam', 'lr': 4.3302203289890076e-05}",SoftMarginLoss,0.42265961847568,"{'name': 'CosineAnnealingLR', 'T_max': 14.716396705840959, 'eta_min': 1e-06}",32,0.25597045454545453,0.19696969696969688,0.3688968647505103,0.255969732501292
1036,2,2048,0.13291461097364574,tanh,"{'name': 'Adam', 'lr': 0.0006575999686530455}",MultiLabelSoftMarginLoss,0.4868570609391377,"{'name': 'CyclicLR', 'base_lr': 0.00018873870859738328, 'max_lr': 0.03454138433470422, 'step_size_up': 4000, 'mode_cyclic': 'triangular'}",32,0.10025227272727273,0.9204545454545454,0.05306094344116408,0.10025980562778157
1036,2,2048,0.1287034894438907,tanh,"{'name': 'Adam', 'lr': 0.00083180928080024}",MultiLabelSoftMarginLoss,0.5036827725304389,"{'name': 'CyclicLR', 'base_lr': 0.00043744411705280077, 'max_lr': 0.051038385283698924, 'step_size_up': 2000, 'mode_cyclic': 'triangular'}",32,0.10025227272727273,0.9204545454545454,0.05306094344116408,0.10025980562778157
1036,2,2048,0.2313470737404054,gelu,"{'name': 'Adam', 'lr': 1.837103487148618e-05}",MultiLabelSoftMarginLoss,0.4916997884400174,"{'name': 'CyclicLR', 'base_lr': 3.4024400676562036e-05, 'max_lr': 0.007531468949235915, 'step_size_up': 4000, 'mode_cyclic': 'triangular2'}",32,0.5068420454545456,0.8503285855558583,0.36978242138534206,0.5068453550380224
1036,1,2048,0.23237682903590826,gelu,"{'name': 'RMSprop', 'lr': 1.4197111002814465e-05}",MultiLabelSoftMarginLoss,0.42720362461991873,"{'name': 'CyclicLR', 'base_lr': 3.530447366813427e-05, 'max_lr': 0.002510417474562947, 'step_size_up': 4000, 'mode_cyclic': 'exp_range'}",32,0.5782920454545454,0.8420413430523724,0.4526796604721605,0.578288102697338
1036,2,2048,0.2381067213978188,tanh,"{'name': 'RMSprop', 'lr': 0.00039435411640909767}",MultiLabelSoftMarginLoss,0.4811250845603931,"{'name': 'CyclicLR', 'base_lr': 0.0001337374960758743, 'max_lr': 0.0010269311382547532, 'step_size_up': 2000, 'mode_cyclic': 'triangular'}",32,0.4481056818181818,0.8598557692307693,0.31190790429767895,0.448106285745213
1036,2,2048,0.2143991207374864,gelu,"{'name': 'RMSprop', 'lr': 6.542893536818575e-05}",MultiLabelSoftMarginLoss,0.47007617380584155,"{'name': 'CyclicLR', 'base_lr': 1.690014920645609e-05, 'max_lr': 0.022505236295260564, 'step_size_up': 4000, 'mode_cyclic': 'triangular'}",32,0.1021534090909091,0.9034090909090909,0.054327478763426945,0.10216089301648505
1036,2,2048,0.18959445322439855,gelu,"{'name': 'RMSprop', 'lr': 0.00027655813517337465}",MultiLabelSoftMarginLoss,0.47267442886464145,"{'name': 'CyclicLR', 'base_lr': 0.0002863794766677095, 'max_lr': 0.0010002433066078839, 'step_size_up': 2000, 'mode_cyclic': 'triangular'}",32,0.5489011363636364,0.7378763439842987,0.4492269260765571,0.548899489114275
1036,2,2048,0.23308434612157347,gelu,"{'name': 'RMSprop', 'lr': 0.000425027992815791}",MultiLabelSoftMarginLoss,0.5434370001650487,"{'name': 'CyclicLR', 'base_lr': 0.0006426335472458543, 'max_lr': 0.001074698371073537, 'step_size_up': 4000, 'mode_cyclic': 'triangular2'}",32,0.489496590909091,0.8600400704093887,0.3542908172983683,0.4894944518268176
1036,2,128,0.23782127233579986,gelu,"{'name': 'RMSprop', 'lr': 0.00041646360809351906}",MultiLabelSoftMarginLoss,0.4654058147163928,"{'name': 'CyclicLR', 'base_lr': 0.000472539683327717, 'max_lr': 0.0015366493247281668, 'step_size_up': 4000, 'mode_cyclic': 'triangular2'}",32,0.10025227272727273,0.9204545454545454,0.05306094344116408,0.10025980562778157
1036,2,128,0.24246425569133195,gelu,"{'name': 'RMSprop', 'lr': 0.0008314447191720665}",MultiLabelSoftMarginLoss,0.47412698471003834,"{'name': 'CyclicLR', 'base_lr': 0.0002275593490864855, 'max_lr': 0.013839576774609945, 'step_size_up': 2000, 'mode_cyclic': 'exp_range'}",16,0.10025227272727272,0.9204545454545454,0.05306094344116407,0.10025980562778156
1036,2,128,0.22837926226257846,gelu,"{'name': 'RMSprop', 'lr': 7.689077591849424e-05}",MultiLabelSoftMarginLoss,0.4724871264818432,"{'name': 'CyclicLR', 'base_lr': 0.0001579745520723203, 'max_lr': 0.008967607406367152, 'step_size_up': 2000, 'mode_cyclic': 'triangular'}",16,0.16601931818181817,0.9427759740259739,0.09530585653421607,0.16603034476299108
1036,2,256,0.232970382778546,gelu,"{'name': 'RMSprop', 'lr': 1.4196113192532095e-05}",MultiLabelSoftMarginLoss,0.46665061246568684,"{'name': 'CyclicLR', 'base_lr': 0.0001005169730034683, 'max_lr': 0.023654015811072817, 'step_size_up': 2000, 'mode_cyclic': 'exp_range'}",16,0.10025227272727272,0.9204545454545454,0.05306094344116407,0.10025980562778156
1036,2,256,0.29500018111961485,gelu,"{'name': 'AdamW', 'lr': 0.00014656736997733193}",MultiLabelSoftMarginLoss,0.542945355729023,"{'name': 'CyclicLR', 'base_lr': 0.00065740876221929, 'max_lr': 0.07655664517607857, 'step_size_up': 2000, 'mode_cyclic': 'exp_range'}",8,0.22216022727272727,0.9384469696969696,0.13054314079142681,0.22216905679088586
1036,2,256,0.2806631334569218,gelu,"{'name': 'AdamW', 'lr': 0.00018312805078106537}",BCEWithLogitsLoss,0.5443060833129153,"{'name': 'ReduceLROnPlateau', 'mode': 'min', 'factor': 0.3386064002794523, 'patience': 10}",8,0.10025227272727273,0.9204545454545454,0.05306094344116407,0.10025980562778153
1036,2,256,0.28738810931688835,gelu,"{'name': 'AdamW', 'lr': 0.00011850493487191575}",BCEWithLogitsLoss,0.5432311129784284,"{'name': 'ReduceLROnPlateau', 'mode': 'min', 'factor': 0.4643179722039795, 'patience': 10}",8,0.10025227272727273,0.9204545454545454,0.05306094344116407,0.10025980562778153
1036,1,256,0.28419708681423306,gelu,"{'name': 'AdamW', 'lr': 1.7988686508517786e-05}",BCEWithLogitsLoss,0.5294755596727785,"{'name': 'ReduceLROnPlateau', 'mode': 'min', 'factor': 0.1372121498963583, 'patience': 15}",8,0.10025227272727273,0.9204545454545454,0.05306094344116407,0.10025980562778153
1036,1,1024,0.32055282938367924,relu,"{'name': 'AdamW', 'lr': 6.096104411893955e-05}",BCEWithLogitsLoss,0.35796975052550994,"{'name': 'ReduceLROnPlateau', 'mode': 'min', 'factor': 0.21655375440829286, 'patience': 10}",8,0.10025227272727273,0.9204545454545454,0.05306094344116407,0.10025980562778153
1036,1,1024,0.3013225772023243,gelu,"{'name': 'AdamW', 'lr': 7.994942430779412e-05}",BCEWithLogitsLoss,0.5394636394695913,"{'name': 'ReduceLROnPlateau', 'mode': 'min', 'factor': 0.3005789679366691, 'patience': 15}",8,0.10025227272727273,0.9204545454545454,0.05306094344116407,0.10025980562778153
1036,1,256,0.3079341232550726,gelu,"{'name': 'AdamW', 'lr': 0.0006033997337783066}",BCEWithLogitsLoss,0.35731903524963243,"{'name': 'ReduceLROnPlateau', 'mode': 'min', 'factor': 0.25357955770518903, 'patience': 5}",8,0.10025227272727273,0.9204545454545454,0.05306094344116407,0.10025980562778153
1036,1,1024,0.18716134574642185,relu,"{'name': 'AdamW', 'lr': 1.740527464099867e-05}",BCEWithLogitsLoss,0.53740957916123,"{'name': 'ReduceLROnPlateau', 'mode': 'min', 'factor': 0.1394149068670963, 'patience': 15}",8,0.2382602272727273,0.9597537878787878,0.141599698668721,0.2382688531444711
1036,1,1024,0.18213529834748304,relu,"{'name': 'AdamW', 'lr': 8.094558885124121e-05}",BCEWithLogitsLoss,0.36048964824810315,"{'name': 'ReduceLROnPlateau', 'mode': 'min', 'factor': 0.3937948161289615, 'patience': 15}",8,0.10025227272727273,0.9204545454545454,0.05306094344116407,0.10025980562778153
1036,1,1024,0.2039739285460022,relu,"{'name': 'AdamW', 'lr': 2.032934123555814e-05}",BCEWithLogitsLoss,0.35430276362176216,"{'name': 'ReduceLROnPlateau', 'mode': 'min', 'factor': 0.3500584366933416, 'patience': 15}",8,0.10165909090909091,0.9204545454545454,0.053935069315289935,0.10166673203470795
1036,1,1024,0.18900702177920842,selu,"{'name': 'SGD', 'lr': 0.0023984392033016984, 'momentum': 0.3313879733134863}",BCEWithLogitsLoss,0.3503385078579183,"{'name': 'ReduceLROnPlateau', 'mode': 'min', 'factor': 0.3781953836710602, 'patience': 15}",8,0.04872954545454545,0.037534435261707993,0.07009570899302785,0.04873452700182131
1036,1,1024,0.18249155707472361,relu,"{'name': 'SGD', 'lr': 0.001064133027705276, 'momentum': 0.1377684107988822}",BCEWithLogitsLoss,0.3486610402722884,"{'name': 'ReduceLROnPlateau', 'mode': 'min', 'factor': 0.1947921273555939, 'patience': 15}",8,0.10025227272727273,0.9204545454545454,0.05306094344116407,0.10025980562778153
1036,1,1024,0.19032848704254005,relu,"{'name': 'SGD', 'lr': 0.0009514654792027839, 'momentum': 0.4457625415616718}",BCEWithLogitsLoss,0.3588826165547374,"{'name': 'ReduceLROnPlateau', 'mode': 'min', 'factor': 0.1797523276042508, 'patience': 5}",8,0.025203409090909092,0.019283746556473826,0.03673648181766321,0.02520414348637825
1036,2,1024,0.18433244600036472,relu,"{'name': 'SGD', 'lr': 0.004626132058577014, 'momentum': 0.3978212888330216}",MultiLabelSoftMarginLoss,0.5773401596165646,"{'name': 'ReduceLROnPlateau', 'mode': 'min', 'factor': 0.38679010942141934, 'patience': 15}",8,0.0,0.0,0.0,0.0
1036,2,1024,0.30584411378731613,relu,"{'name': 'SGD', 'lr': 0.00040579856690540984, 'momentum': 0.763106376447678}",MultiLabelSoftMarginLoss,0.3586808452029452,"{'name': 'ReduceLROnPlateau', 'mode': 'min', 'factor': 0.23088847326458156, 'patience': 10}",8,0.03585000000000001,0.027548209366391182,0.05182644747070553,0.03585564219809305
1036,3,1024,0.1859629150734163,relu,"{'name': 'SGD', 'lr': 0.00021782889995008645, 'momentum': 0.7671098181601363}",MultiLabelSoftMarginLoss,0.4497793583676803,"{'name': 'CyclicLR', 'base_lr': 1.8172409552951138e-05, 'max_lr': 0.008081789238967171, 'step_size_up': 2000, 'mode_cyclic': 'exp_range'}",8,0.05353977272727273,0.04132231404958678,0.07663844721515291,0.053545632280549225
1036,2,1024,0.18677665556024542,relu,"{'name': 'SGD', 'lr': 0.0023701717930883024, 'momentum': 0.6269506475096656}",MultiLabelSoftMarginLoss,0.44971031026176167,"{'name': 'CyclicLR', 'base_lr': 0.000418255196930087, 'max_lr': 0.00122886130130581, 'step_size_up': 2000, 'mode_cyclic': 'triangular'}",32,0.023943181818181822,0.01825068870523416,0.035154243880756386,0.023944676341362357
1036,2,1024,0.2670683820064703,relu,"{'name': 'SGD', 'lr': 0.008215371865535288, 'momentum': 0.3149816377184277}",MultiLabelSoftMarginLoss,0.4482217294211561,"{'name': 'CyclicLR', 'base_lr': 2.7494010295444342e-05, 'max_lr': 0.022642977649202718, 'step_size_up': 2000, 'mode_cyclic': 'exp_range'}",8,0.021577272727272726,0.01652892561983471,0.03132098256042427,0.021579292437299787
1036,2,1024,0.2504398947234102,relu,"{'name': 'SGD', 'lr': 0.00028171627747422925, 'momentum': 0.07584465661850211}",MultiLabelSoftMarginLoss,0.597889516714091,"{'name': 'CyclicLR', 'base_lr': 0.0004178620910098162, 'max_lr': 0.08974369512463894, 'step_size_up': 4000, 'mode_cyclic': 'triangular'}",8,0.0,0.0,0.0,0.0
1036,2,1024,0.2520037079319314,relu,"{'name': 'RMSprop', 'lr': 1.1154053432551444e-05}",MultiLabelSoftMarginLoss,0.5725533614056147,"{'name': 'CyclicLR', 'base_lr': 1.4440367543900543e-05, 'max_lr': 0.006853920886950541, 'step_size_up': 4000, 'mode_cyclic': 'triangular'}",32,0.2012920454545455,0.9854166666666667,0.11625057712580196,0.20129893191505238
1036,2,2048,0.2567815785174483,gelu,"{'name': 'RMSprop', 'lr': 0.0002773470556311248}",MultiLabelSoftMarginLoss,0.5761662461624685,"{'name': 'CyclicLR', 'base_lr': 1.5005592177394097e-05, 'max_lr': 0.04927606569596207, 'step_size_up': 4000, 'mode_cyclic': 'triangular'}",32,0.2034761363636364,0.8745625901875903,0.12104828327008142,0.20348380611139272
1036,2,2048,0.25628146851361056,gelu,"{'name': 'RMSprop', 'lr': 0.0001666836689736479}",MultiLabelSoftMarginLoss,0.5626579401537349,"{'name': 'CyclicLR', 'base_lr': 0.0004371051477998773, 'max_lr': 0.00643012914424947, 'step_size_up': 4000, 'mode_cyclic': 'triangular2'}",32,0.10025227272727273,0.9204545454545454,0.05306094344116408,0.10025980562778157
1036,2,2048,0.25552385978936687,gelu,"{'name': 'RMSprop', 'lr': 0.00010569313460314813}",MultiLabelSoftMarginLoss,0.5265214338029142,"{'name': 'CyclicLR', 'base_lr': 0.00012522282904744056, 'max_lr': 0.011930337893419176, 'step_size_up': 2000, 'mode_cyclic': 'exp_range'}",32,0.19848636363636366,0.9543560606060606,0.11579072666788268,0.198494091185234
1036,2,2048,0.20936952161854147,gelu,"{'name': 'RMSprop', 'lr': 0.00021725873272905057}",MultiLabelSoftMarginLoss,0.56269108297368,"{'name': 'CyclicLR', 'base_lr': 0.0001819034802014765, 'max_lr': 0.0010855943650605292, 'step_size_up': 2000, 'mode_cyclic': 'triangular'}",32,0.10165909090909092,0.9204545454545454,0.05393506931528995,0.10166673203470798
1036,2,2048,0.2587316081095515,gelu,"{'name': 'RMSprop', 'lr': 3.3903655221465115e-05}",MultiLabelSoftMarginLoss,0.5693863759690374,"{'name': 'CyclicLR', 'base_lr': 9.774890280670872e-05, 'max_lr': 0.04932521492102385, 'step_size_up': 4000, 'mode_cyclic': 'triangular'}",32,0.10025227272727273,0.9204545454545454,0.05306094344116408,0.10025980562778157
1036,2,2048,0.2552085257347514,leaky_relu,"{'name': 'RMSprop', 'lr': 2.2856015452289777e-05}",MultiLabelSoftMarginLoss,0.5686523468205332,"{'name': 'CyclicLR', 'base_lr': 0.0003397892512921812, 'max_lr': 0.009706477685460863, 'step_size_up': 4000, 'mode_cyclic': 'triangular'}",32,0.10025227272727273,0.9204545454545454,0.05306094344116408,0.10025980562778157
1036,2,2048,0.2604077153666142,leaky_relu,"{'name': 'RMSprop', 'lr': 6.229945722296374e-05}",MultiLabelSoftMarginLoss,0.5781280944428081,"{'name': 'CyclicLR', 'base_lr': 3.446684027006673e-05, 'max_lr': 0.004956779830621383, 'step_size_up': 4000, 'mode_cyclic': 'exp_range'}",32,0.1030659090909091,0.9204545454545454,0.05480919518941583,0.10307365844163438
1036,2,2048,0.206417059665236,leaky_relu,"{'name': 'RMSprop', 'lr': 0.00012882832038720415}",MultiLabelSoftMarginLoss,0.44715060126861533,"{'name': 'CyclicLR', 'base_lr': 0.0006432538809224151, 'max_lr': 0.016008017071602907, 'step_size_up': 2000, 'mode_cyclic': 'exp_range'}",32,0.23462613636363638,0.9535714285714285,0.13981914802233517,0.23463550902675367
1036,2,2048,0.21679438725671127,leaky_relu,"{'name': 'RMSprop', 'lr': 5.492590877977356e-05}",MultiLabelSoftMarginLoss,0.4522466057153361,"{'name': 'CyclicLR', 'base_lr': 0.00019818387606979244, 'max_lr': 0.02823444162095816, 'step_size_up': 4000, 'mode_cyclic': 'exp_range'}",32,0.3849659090909091,0.9172369297369299,0.2517958847363384,0.38496764797191235
1036,2,2048,0.2636565872513805,leaky_relu,"{'name': 'RMSprop', 'lr': 0.0005879629631006133}",MultiLabelSoftMarginLoss,0.44547487940148967,"{'name': 'CyclicLR', 'base_lr': 0.00017078451990582908, 'max_lr': 0.0072019530110698496, 'step_size_up': 2000, 'mode_cyclic': 'triangular2'}",32,0.10025227272727273,0.9204545454545454,0.05306094344116408,0.10025980562778157
1036,2,2048,0.22247874137790946,leaky_relu,"{'name': 'RMSprop', 'lr': 0.0007666583600287292}",MultiLabelSoftMarginLoss,0.4509218880844157,"{'name': 'CyclicLR', 'base_lr': 0.00032369531095343437, 'max_lr': 0.0026064483632086562, 'step_size_up': 4000, 'mode_cyclic': 'triangular2'}",32,0.10025227272727273,0.9204545454545454,0.05306094344116408,0.10025980562778157
1036,2,2048,0.22135702073164554,leaky_relu,"{'name': 'RMSprop', 'lr': 0.0004162445077875697}",MultiLabelSoftMarginLoss,0.5150266391423561,"{'name': 'CyclicLR', 'base_lr': 0.0002462381425203425, 'max_lr': 0.03400702067402436, 'step_size_up': 2000, 'mode_cyclic': 'exp_range'}",32,0.14134659090909096,0.48674242424242425,0.0829034722651874,0.14135059093361324
1036,2,2048,0.2170418061028438,leaky_relu,"{'name': 'RMSprop', 'lr': 0.00027098953846433406}",MultiLabelSoftMarginLoss,0.5194306408469567,"{'name': 'CyclicLR', 'base_lr': 5.929081849693793e-05, 'max_lr': 0.002645610063360926, 'step_size_up': 4000, 'mode_cyclic': 'triangular'}",32,0.12665909090909092,0.8693181818181818,0.06894545260617183,0.12666556697601344
1036,2,2048,0.2170115925701061,leaky_relu,"{'name': 'RMSprop', 'lr': 0.00015151736004338448}",MultiLabelSoftMarginLoss,0.5200373177999,"{'name': 'CyclicLR', 'base_lr': 0.00024578097679604164, 'max_lr': 0.004871998558017299, 'step_size_up': 4000, 'mode_cyclic': 'triangular'}",32,0.42427045454545453,0.8921128429651158,0.28992215323578363,0.4242705644711139
1036,2,2048,0.220440122619222,gelu,"{'name': 'RMSprop', 'lr': 0.0005866981295670614}",MultiLabelSoftMarginLoss,0.5216547142512211,"{'name': 'CyclicLR', 'base_lr': 8.794952301846699e-05, 'max_lr': 0.005832015322806522, 'step_size_up': 4000, 'mode_cyclic': 'exp_range'}",32,0.11229318181818182,0.9318181818181818,0.06021593424069822,0.11230078429995217
1036,2,2048,0.21884190450491012,gelu,"{'name': 'RMSprop', 'lr': 0.00016158868984765065}",MultiLabelSoftMarginLoss,0.5245333800676316,"{'name': 'CyclicLR', 'base_lr': 0.0005750479983486919, 'max_lr': 0.0044598734366044215, 'step_size_up': 4000, 'mode_cyclic': 'exp_range'}",32,0.1453636363636364,0.9602272727272727,0.08006435461508256,0.14537214502679238
1036,2,2048,0.11553779576875323,gelu,"{'name': 'RMSprop', 'lr': 1.6778995201891695e-05}",MultiLabelSoftMarginLoss,0.4118219838815472,"{'name': 'CyclicLR', 'base_lr': 4.9599314141941264e-05, 'max_lr': 0.056603317686638, 'step_size_up': 2000, 'mode_cyclic': 'triangular2'}",32,0.10564545454545456,0.9204545454545454,0.056378459258679896,0.10565275826338126
1036,2,2048,0.20563960496547212,selu,"{'name': 'RMSprop', 'lr': 1.4337855434018824e-05}",MultiLabelSoftMarginLoss,0.4215631365521104,"{'name': 'CyclicLR', 'base_lr': 0.0003769101907483666, 'max_lr': 0.046878349361080596, 'step_size_up': 4000, 'mode_cyclic': 'triangular2'}",32,0.141975,0.3670048701298701,0.08934404357469984,0.14197877396761552
1036,2,2048,0.20928957609478654,selu,"{'name': 'RMSprop', 'lr': 0.0005113190408279228}",MultiLabelSoftMarginLoss,0.413276818816329,"{'name': 'CosineAnnealingLR', 'T_max': 30.201609578651766, 'eta_min': 0}",32,0.37181136363636375,0.945809966548603,0.24001957387457543,0.37181409320809017
1036,2,2048,0.20308821661965407,selu,"{'name': 'RMSprop', 'lr': 1.68634828486233e-05}",MultiLabelSoftMarginLoss,0.41371927718031304,"{'name': 'CosineAnnealingLR', 'T_max': 24.10530175329223, 'eta_min': 1e-05}",32,0.11041818181818183,0.9204545454545454,0.05909365986474737,0.11042592568607022
1036,2,2048,0.20442907557272819,selu,"{'name': 'RMSprop', 'lr': 2.443362546566736e-05}",MultiLabelSoftMarginLoss,0.4891710517203882,"{'name': 'CosineAnnealingLR', 'T_max': 15.81624838149413, 'eta_min': 0}",32,0.18355227272727276,0.9678030303030304,0.10429651912104355,0.18356041675484674
1036,2,2048,0.20510992823896568,selu,"{'name': 'RMSprop', 'lr': 0.0004030494430947611}",MultiLabelSoftMarginLoss,0.420164456621655,"{'name': 'CosineAnnealingLR', 'T_max': 36.76965791803205, 'eta_min': 1e-05}",32,0.10025227272727273,0.9204545454545454,0.05306094344116408,0.10025980562778157
1036,2,2048,0.20535263527152747,selu,"{'name': 'RMSprop', 'lr': 0.0003825651871081468}",MultiLabelSoftMarginLoss,0.4103424022671637,"{'name': 'CosineAnnealingLR', 'T_max': 25.489292733489442, 'eta_min': 0}",32,0.31393977272727275,0.9660984848484848,0.1958309296598128,0.31394486036963215
1036,2,2048,0.20067128721955757,selu,"{'name': 'RMSprop', 'lr': 2.41850459350239e-05}",MultiLabelSoftMarginLoss,0.414901461380554,"{'name': 'CosineAnnealingLR', 'T_max': 10.839109475888645, 'eta_min': 1e-05}",32,0.1010852272727273,0.9090909090909091,0.053602068982289613,0.10109166278895015
1036,3,2048,0.20439939244835806,selu,"{'name': 'RMSprop', 'lr': 0.00035972353450839143}",MultiLabelSoftMarginLoss,0.4150308055699857,"{'name': 'StepLR', 'step_size': 20, 'gamma': 0.2973507437951979}",32,0.10025227272727273,0.9204545454545454,0.05306094344116408,0.10025980562778157
1036,3,2048,0.19841530783978195,selu,"{'name': 'Adam', 'lr': 0.00024583170838306305}",MultiLabelSoftMarginLoss,0.4092131523753612,"{'name': 'CosineAnnealingLR', 'T_max': 19.328218508662307, 'eta_min': 1e-06}",32,0.10025227272727273,0.9204545454545454,0.05306094344116408,0.10025980562778157
1036,3,2048,0.11759212796147256,selu,"{'name': 'Adam', 'lr': 1.2984938800883859e-05}",MultiLabelSoftMarginLoss,0.4135280509710631,"{'name': 'CosineAnnealingLR', 'T_max': 10.485836602895457, 'eta_min': 0}",32,0.10025227272727273,0.9204545454545454,0.05306094344116408,0.10025980562778157
1036,3,2048,0.15874882912548655,selu,"{'name': 'Adam', 'lr': 3.993110064881993e-05}",MultiLabelSoftMarginLoss,0.4980137247952213,"{'name': 'CosineAnnealingLR', 'T_max': 25.35462079693788, 'eta_min': 1e-05}",32,0.40270000000000006,0.9350108225108226,0.26576148807377165,0.40269923848533085
1036,2,2048,0.19670200807464905,selu,"{'name': 'RMSprop', 'lr': 0.00016954392699299983}",MultiLabelSoftMarginLoss,0.4224886742466202,"{'name': 'CosineAnnealingLR', 'T_max': 10.786458760012744, 'eta_min': 0}",32,0.1043,0.9204545454545454,0.0554121895072286,0.10430732411257901
1036,2,2048,0.24211599302667633,selu,"{'name': 'RMSprop', 'lr': 0.0006682979185016547}",MultiLabelSoftMarginLoss,0.4154723748374099,"{'name': 'CosineAnnealingLR', 'T_max': 15.342915497271717, 'eta_min': 1e-06}",32,0.29152727272727275,0.9325757575757577,0.17993790707763285,0.29153321226044676
1036,2,2048,0.2444456792650803,tanh,"{'name': 'RMSprop', 'lr': 4.76718088437365e-05}",MultiLabelSoftMarginLoss,0.48663013758279916,"{'name': 'CosineAnnealingLR', 'T_max': 11.201620345028477, 'eta_min': 1e-06}",32,0.10025227272727273,0.9204545454545454,0.05306094344116408,0.10025980562778157
1036,2,2048,0.24398310237138124,tanh,"{'name': 'RMSprop', 'lr': 0.0009936527488837966}",MultiLabelSoftMarginLoss,0.502054750443589,"{'name': 'CosineAnnealingLR', 'T_max': 14.606380358973029, 'eta_min': 0}",32,0.10025227272727273,0.9204545454545454,0.05306094344116408,0.10025980562778157
1036,2,2048,0.24410386031246908,tanh,"{'name': 'RMSprop', 'lr': 0.00018515494678934138}",MultiLabelSoftMarginLoss,0.500464569945774,"{'name': 'CosineAnnealingLR', 'T_max': 15.854819119200952, 'eta_min': 1e-06}",32,0.10025227272727273,0.9204545454545454,0.05306094344116408,0.10025980562778157
1036,2,2048,0.19699675030447478,tanh,"{'name': 'RMSprop', 'lr': 1.0435302545630053e-05}",MultiLabelSoftMarginLoss,0.48351486573028585,"{'name': 'CosineAnnealingLR', 'T_max': 20.985620954447114, 'eta_min': 0}",32,0.24501022727272728,0.9124368686868688,0.14714944610287184,0.2450137364139998
1036,3,2048,0.19799327383340976,tanh,"{'name': 'RMSprop', 'lr': 1.1095308782321845e-05}",MultiLabelSoftMarginLoss,0.4891071831426537,"{'name': 'CosineAnnealingLR', 'T_max': 30.20936938015637, 'eta_min': 0}",64,0.10025227272727276,0.9204545454545454,0.053060943441164056,0.10025980562778151
1036,2,512,0.24282701930736275,tanh,"{'name': 'RMSprop', 'lr': 0.00048198269768399477}",MultiLabelSoftMarginLoss,0.49940284677957414,{'name': 'None'},16,0.10025227272727272,0.9204545454545454,0.05306094344116407,0.10025980562778156
1036,3,512,0.22995484532259886,tanh,"{'name': 'RMSprop', 'lr': 1.0520997005658824e-05}",MultiLabelSoftMarginLoss,0.4804863446096225,{'name': 'None'},16,0.22844318181818182,0.9255411255411254,0.13430288759348938,0.22844835105254957
1036,3,2048,0.2377833554386914,tanh,"{'name': 'RMSprop', 'lr': 4.2097524053449494e-05}",MultiLabelSoftMarginLoss,0.4850057779930279,{'name': 'None'},16,0.4982147727272727,0.884625790875791,0.35407540622654693,0.4982124711229261
1036,3,512,0.24373591153718255,tanh,"{'name': 'RMSprop', 'lr': 1.0597174269845801e-05}",MultiLabelSoftMarginLoss,0.49530101643003877,"{'name': 'ExponentialLR', 'gamma': 0.8634409725108614}",64,0.06749090909090909,0.05199724517906334,0.09697186978067189,0.0674941155233176
1036,3,512,0.2330925728538452,tanh,"{'name': 'RMSprop', 'lr': 3.9281895714783464e-05}",MultiLabelSoftMarginLoss,0.4591569047637161,{'name': 'None'},16,0.2442181818181818,0.7577831890331891,0.1512577563864214,0.2442236972781842
1036,3,512,0.23738598347939216,tanh,"{'name': 'RMSprop', 'lr': 1.2839330278516191e-05}",MultiLabelSoftMarginLoss,0.5025652673719263,{'name': 'None'},64,0.10025227272727276,0.9204545454545454,0.053060943441164056,0.10025980562778151
1036,3,512,0.24226071186961054,tanh,"{'name': 'RMSprop', 'lr': 0.0001560490268656477}",MultiLabelSoftMarginLoss,0.5050113829738456,{'name': 'None'},64,0.10025227272727276,0.9204545454545454,0.053060943441164056,0.10025980562778151
1036,3,512,0.23902628744819746,tanh,"{'name': 'RMSprop', 'lr': 1.4918522580535724e-05}",MultiLabelSoftMarginLoss,0.5020197559209997,{'name': 'None'},16,0.10025227272727272,0.9204545454545454,0.05306094344116407,0.10025980562778156
1036,2,2048,0.2324754530007695,tanh,"{'name': 'RMSprop', 'lr': 0.000253178759797745}",MultiLabelSoftMarginLoss,0.4624750453380619,"{'name': 'ExponentialLR', 'gamma': 0.8573698957678025}",64,0.10025227272727276,0.9204545454545454,0.053060943441164056,0.10025980562778151
1036,2,2048,0.19527789741776805,selu,"{'name': 'RMSprop', 'lr': 1.3140678488795396e-05}",MultiLabelSoftMarginLoss,0.460924503500761,"{'name': 'ExponentialLR', 'gamma': 0.8927456258646572}",64,0.10025227272727276,0.9204545454545454,0.053060943441164056,0.10025980562778151
1036,2,2048,0.19459876515251062,selu,"{'name': 'Adam', 'lr': 0.0006210735726474274}",MultiLabelSoftMarginLoss,0.37076861712687226,"{'name': 'CyclicLR', 'base_lr': 0.00019177257399703333, 'max_lr': 0.03469465584590479, 'step_size_up': 4000, 'mode_cyclic': 'triangular2'}",32,0.4398,0.8912500693750695,0.30083755837684695,0.4398000365575621
1036,2,2048,0.1955095200260161,selu,"{'name': 'Adam', 'lr': 0.000465855113040309}",MultiLabelSoftMarginLoss,0.4638745557811859,"{'name': 'CyclicLR', 'base_lr': 1.0382274243121732e-05, 'max_lr': 0.002667563101279032, 'step_size_up': 4000, 'mode_cyclic': 'exp_range'}",32,0.34274431818181833,0.9373262154512154,0.21877275320006662,0.34274529382140345
1036,2,2048,0.27143643182983374,selu,"{'name': 'Adam', 'lr': 5.62979806174185e-05}",MultiLabelSoftMarginLoss,0.43595408371674194,"{'name': 'CyclicLR', 'base_lr': 0.0009297940944185917, 'max_lr': 0.0011499487715596363, 'step_size_up': 4000, 'mode_cyclic': 'exp_range'}",32,0.5889920454545454,0.8559102801164968,0.4622776936881712,0.5889913931846853
1036,2,128,0.22648999091683572,selu,"{'name': 'Adam', 'lr': 0.00017670777792448767}",MultiLabelSoftMarginLoss,0.46067179627283134,"{'name': 'CyclicLR', 'base_lr': 0.00013104304895707173, 'max_lr': 0.0013153001968982526, 'step_size_up': 2000, 'mode_cyclic': 'triangular2'}",32,0.10025227272727273,0.9204545454545454,0.05306094344116408,0.10025980562778157
1036,2,128,0.22816430534888207,leaky_relu,"{'name': 'Adam', 'lr': 0.000706846930791201}",MultiLabelSoftMarginLoss,0.45840636689156816,"{'name': 'CyclicLR', 'base_lr': 5.110836719479556e-05, 'max_lr': 0.021052632090817796, 'step_size_up': 4000, 'mode_cyclic': 'triangular'}",32,0.10025227272727273,0.9204545454545454,0.05306094344116408,0.10025980562778157
1036,2,128,0.10007124905780324,leaky_relu,"{'name': 'Adam', 'lr': 3.358454181163076e-05}",MultiLabelSoftMarginLoss,0.4618117221117361,"{'name': 'CyclicLR', 'base_lr': 0.00014195861646048072, 'max_lr': 0.024710161587794405, 'step_size_up': 4000, 'mode_cyclic': 'triangular2'}",32,0.12616022727272727,0.9106060606060606,0.06966796795260036,0.12617064014080775
1036,2,2048,0.15729222631884227,selu,"{'name': 'Adam', 'lr': 1.9831023418410515e-05}",MultiLabelSoftMarginLoss,0.43703427236556164,"{'name': 'CosineAnnealingLR', 'T_max': 20.842295212140865, 'eta_min': 1e-06}",32,0.41981590909090905,0.9310942529692532,0.2810667705719269,0.4198157603061596
1036,2,2048,0.22733772031824068,selu,"{'name': 'Adam', 'lr': 1.617948860999243e-05}",MultiLabelSoftMarginLoss,0.43456416778196544,"{'name': 'CosineAnnealingLR', 'T_max': 14.656040074844054, 'eta_min': 0}",32,0.2612943181818182,0.9504734848484848,0.15918679268848754,0.2612991180998009
1036,2,2048,0.16116896131656017,selu,"{'name': 'Adam', 'lr': 0.0008796972766278546}",MultiLabelSoftMarginLoss,0.32759620047895255,"{'name': 'CosineAnnealingLR', 'T_max': 10.232439415694968, 'eta_min': 1e-05}",32,0.10025227272727273,0.9204545454545454,0.05306094344116408,0.10025980562778157
1036,2,2048,0.21376566982389575,selu,"{'name': 'RMSprop', 'lr': 0.00013343359643973603}",MultiLabelSoftMarginLoss,0.37077772854085184,"{'name': 'CosineAnnealingLR', 'T_max': 12.421162829136197, 'eta_min': 1e-06}",32,0.39288295454545463,0.9291064049586777,0.2573624477189973,0.392881276563072
1036,2,2048,0.2137705931159922,selu,"{'name': 'RMSprop', 'lr': 4.3390486005029145e-05}",MultiLabelSoftMarginLoss,0.43614532340079126,"{'name': 'ExponentialLR', 'gamma': 0.9127959569115843}",32,0.10025227272727273,0.9204545454545454,0.05306094344116408,0.10025980562778157
1036,2,2048,0.212759014423447,selu,"{'name': 'RMSprop', 'lr': 0.0001788502887011076}",MultiLabelSoftMarginLoss,0.37035929191615824,"{'name': 'ExponentialLR', 'gamma': 0.8704922293224555}",32,0.10061250000000001,0.8854166666666665,0.05355501458740914,0.10061914724819773
1036,2,2048,0.21284055951683806,selu,"{'name': 'RMSprop', 'lr': 2.3870396203227934e-05}",MultiLabelSoftMarginLoss,0.43284229872503044,"{'name': 'ExponentialLR', 'gamma': 0.9703208415966971}",32,0.10025227272727273,0.9204545454545454,0.05306094344116408,0.10025980562778157
1036,2,2048,0.16056732297259024,selu,"{'name': 'AdamW', 'lr': 3.254691635406449e-05}",MultiLabelSoftMarginLoss,0.4359391810866766,"{'name': 'ExponentialLR', 'gamma': 0.9032272997165248}",32,0.10025227272727273,0.9204545454545454,0.05306094344116408,0.10025980562778157
1036,2,2048,0.21118576517042,selu,"{'name': 'AdamW', 'lr': 0.0005527690288251217}",MultiLabelSoftMarginLoss,0.4010958593496376,"{'name': 'ExponentialLR', 'gamma': 0.9428406961159751}",32,0.11681363636363638,0.9318181818181818,0.06288381857944168,0.11682060658293235
1036,2,2048,0.21085828337826487,selu,"{'name': 'AdamW', 'lr': 4.824182830736607e-05}",MultiLabelSoftMarginLoss,0.4303864989616604,"{'name': 'CyclicLR', 'base_lr': 0.00023302316218368508, 'max_lr': 0.0010948797683418313, 'step_size_up': 2000, 'mode_cyclic': 'triangular2'}",32,0.5448590909090909,0.848617137447879,0.4191803184996896,0.5448585469251598
1036,2,2048,0.21441024810938675,selu,"{'name': 'RMSprop', 'lr': 0.00042302330557317464}",MultiLabelSoftMarginLoss,0.4389601220120976,"{'name': 'CosineAnnealingLR', 'T_max': 46.47967511647109, 'eta_min': 0}",32,0.10165909090909092,0.9204545454545454,0.05393506931528995,0.10166673203470798
1036,2,2048,0.26975340096608386,selu,"{'name': 'AdamW', 'lr': 0.00027742976382848683}",MultiLabelSoftMarginLoss,0.4313513451688653,"{'name': 'CosineAnnealingLR', 'T_max': 15.753864627705097, 'eta_min': 1e-05}",32,0.10165909090909092,0.9204545454545454,0.05393506931528995,0.10166673203470798
1036,2,2048,0.1595502841722455,selu,"{'name': 'AdamW', 'lr': 5.251510380496255e-05}",MultiLabelSoftMarginLoss,0.3709585005830088,"{'name': 'CosineAnnealingLR', 'T_max': 21.13711659061838, 'eta_min': 1e-06}",32,0.4759886363636365,0.9073056362829092,0.3316339363962546,0.4759883269805845
1036,2,2048,0.1564065098166909,selu,"{'name': 'AdamW', 'lr': 2.1747196849824832e-05}",MultiLabelSoftMarginLoss,0.39908889386109364,"{'name': 'CosineAnnealingLR', 'T_max': 16.62385273678726, 'eta_min': 0}",32,0.10025227272727273,0.9204545454545454,0.05306094344116408,0.10025980562778157
1036,2,2048,0.17827185101715926,selu,"{'name': 'AdamW', 'lr': 0.0004269337263061115}",MultiLabelSoftMarginLoss,0.334158737163307,"{'name': 'CyclicLR', 'base_lr': 0.0009072187769613022, 'max_lr': 0.05761075231867486, 'step_size_up': 2000, 'mode_cyclic': 'triangular2'}",32,0.5426977272727272,0.7404921441613491,0.44394005722139324,0.542692421827442
1036,2,2048,0.26944997273330146,selu,"{'name': 'Adam', 'lr': 1.6289652608554507e-05}",MultiLabelSoftMarginLoss,0.3311627962177311,"{'name': 'CyclicLR', 'base_lr': 1.6768033925629097e-05, 'max_lr': 0.0038233727203998724, 'step_size_up': 4000, 'mode_cyclic': 'triangular'}",32,0.5619193181818182,0.8737102104102703,0.42922043056476683,0.5619132709548764
1036,2,2048,0.1688109583396854,gelu,"{'name': 'Adam', 'lr': 0.00040610716530327254}",BCEWithLogitsLoss,0.4759957650441722,"{'name': 'CyclicLR', 'base_lr': 0.0006287827430290597, 'max_lr': 0.017680997744088593, 'step_size_up': 2000, 'mode_cyclic': 'triangular2'}",32,0.49907272727272733,0.8285421176046177,0.3667685850586438,0.4990742745265166
1036,2,2048,0.13894961384036308,gelu,"{'name': 'Adam', 'lr': 2.3584873599606175e-05}",BCEWithLogitsLoss,0.33019196609682483,"{'name': 'CyclicLR', 'base_lr': 1.5828960950502634e-05, 'max_lr': 0.005329039644792768, 'step_size_up': 2000, 'mode_cyclic': 'exp_range'}",32,0.4852215909090909,0.6401412756900199,0.4010430031994211,0.48522266656612345
1036,2,2048,0.13794607589172397,gelu,"{'name': 'Adam', 'lr': 4.976866044509986e-05}",BCEWithLogitsLoss,0.3352594064950743,"{'name': 'CyclicLR', 'base_lr': 2.2822296813477133e-05, 'max_lr': 0.019685222707547127, 'step_size_up': 2000, 'mode_cyclic': 'triangular'}",32,0.26247045454545453,0.870864898989899,0.15995408313756862,0.26247429146193507
1036,1,2048,0.2693486579719999,gelu,"{'name': 'Adam', 'lr': 9.786677874125043e-05}",MultiLabelSoftMarginLoss,0.32523547133098757,"{'name': 'CyclicLR', 'base_lr': 7.16776199317084e-05, 'max_lr': 0.0816656496023021, 'step_size_up': 2000, 'mode_cyclic': 'triangular'}",32,0.44519545454545456,0.8787423750491933,0.30814195931294996,0.4451960842303904
1036,2,2048,0.13849473213092692,gelu,"{'name': 'Adam', 'lr': 1.5491480237465173e-05}",BCEWithLogitsLoss,0.3997719544418457,"{'name': 'CyclicLR', 'base_lr': 0.0007962857595612757, 'max_lr': 0.09137527993585252, 'step_size_up': 2000, 'mode_cyclic': 'triangular'}",32,0.21903068181818186,0.9356737012987014,0.12864728875045095,0.2190369008477175
1036,2,2048,0.2708126178552856,gelu,"{'name': 'Adam', 'lr': 0.0007945812461559673}",BCEWithLogitsLoss,0.3359363797162995,"{'name': 'CyclicLR', 'base_lr': 2.2850224702948736e-05, 'max_lr': 0.0011241942777357235, 'step_size_up': 2000, 'mode_cyclic': 'triangular2'}",32,0.5051181818181818,0.7549516430871097,0.3907354616963153,0.5051216344815671
1036,2,2048,0.1418492043002558,gelu,"{'name': 'Adam', 'lr': 0.00014963216470551596}",BCEWithLogitsLoss,0.39625778097068565,"{'name': 'CyclicLR', 'base_lr': 1.3282620571942864e-05, 'max_lr': 0.08262114582238521, 'step_size_up': 4000, 'mode_cyclic': 'exp_range'}",32,0.46309659090909105,0.8445515973925066,0.33011795469407457,0.4630975033764488
1036,2,2048,0.1406473337202168,gelu,"{'name': 'Adam', 'lr': 4.0686057834787066e-05}",BCEWithLogitsLoss,0.4765505132366866,"{'name': 'CyclicLR', 'base_lr': 0.00044160664932654244, 'max_lr': 0.0027382976027285877, 'step_size_up': 4000, 'mode_cyclic': 'triangular2'}",32,0.5052022727272728,0.8097707532366624,0.37578026045189433,0.5051969178986035
1036,2,2048,0.13776523660444073,gelu,"{'name': 'Adam', 'lr': 0.00019258298397007505}",BCEWithLogitsLoss,0.30675847049979316,"{'name': 'CyclicLR', 'base_lr': 3.565924772585422e-05, 'max_lr': 0.002722044796095691, 'step_size_up': 4000, 'mode_cyclic': 'triangular2'}",32,0.5320602272727274,0.8020916193877423,0.4075128942135277,0.5320597260406635
1036,2,2048,0.13707393606109966,gelu,"{'name': 'Adam', 'lr': 9.578444753962395e-05}",BCEWithLogitsLoss,0.3968729093773266,"{'name': 'CyclicLR', 'base_lr': 0.0008554600749619909, 'max_lr': 0.046182334559581865, 'step_size_up': 4000, 'mode_cyclic': 'triangular'}",32,0.5031761363636363,0.6902481429760315,0.40461352980962867,0.5031743696046447
1036,2,2048,0.13888080044852194,gelu,"{'name': 'Adam', 'lr': 5.330235740370617e-05}",BCEWithLogitsLoss,0.39929417054479793,"{'name': 'CyclicLR', 'base_lr': 8.492283834613752e-05, 'max_lr': 0.09075264553514634, 'step_size_up': 4000, 'mode_cyclic': 'triangular'}",32,0.48408409090909105,0.8732077896850625,0.34628511072269563,0.4840796684158052
1036,2,2048,0.15267452522585062,gelu,"{'name': 'Adam', 'lr': 5.187596719963858e-05}",BCEWithLogitsLoss,0.33888661880571797,"{'name': 'CyclicLR', 'base_lr': 0.00028764192594341487, 'max_lr': 0.08470079147161301, 'step_size_up': 4000, 'mode_cyclic': 'triangular'}",32,0.5567931818181818,0.7540545360622585,0.45294864523346806,0.5567934242491219
1036,2,2048,0.17688684243682823,gelu,"{'name': 'Adam', 'lr': 2.849442570770431e-05}",BCEWithLogitsLoss,0.4745613102708569,"{'name': 'CyclicLR', 'base_lr': 2.827413639942915e-05, 'max_lr': 0.0011011945643391373, 'step_size_up': 2000, 'mode_cyclic': 'triangular'}",16,0.5093090909090909,0.8503614441114441,0.3758584732445424,0.5093089329117333
1036,1,2048,0.26645999747619886,gelu,"{'name': 'Adam', 'lr': 0.00021948565859886826}",BCEWithLogitsLoss,0.5536167248127637,"{'name': 'CyclicLR', 'base_lr': 0.00016034365545214294, 'max_lr': 0.001388820053716117, 'step_size_up': 2000, 'mode_cyclic': 'exp_range'}",32,0.4603659090909092,0.9341810966810967,0.31404353609230234,0.4603638618515127
1036,1,2048,0.17947503564110656,gelu,"{'name': 'Adam', 'lr': 2.6349544314833892e-05}",BCEWithLogitsLoss,0.31290708502165804,"{'name': 'CyclicLR', 'base_lr': 3.807053951100551e-05, 'max_lr': 0.037418580810887024, 'step_size_up': 4000, 'mode_cyclic': 'triangular2'}",16,0.5964386363636364,0.8423714487384274,0.4741655217522021,0.5964357346631878
1036,2,2048,0.27275126383501996,gelu,"{'name': 'AdamW', 'lr': 1.225136370169394e-05}",BCEWithLogitsLoss,0.3102548056322449,"{'name': 'CyclicLR', 'base_lr': 6.137266970001188e-05, 'max_lr': 0.006804313896736081, 'step_size_up': 4000, 'mode_cyclic': 'triangular2'}",16,0.5428420454545454,0.6329308099548917,0.48679378669548873,0.5428446683370848
1036,1,2048,0.27098511724633845,gelu,"{'name': 'AdamW', 'lr': 0.0004506164979561522}",BCEWithLogitsLoss,0.30424721892624856,"{'name': 'CyclicLR', 'base_lr': 1.5704019640203242e-05, 'max_lr': 0.02557903551101493, 'step_size_up': 2000, 'mode_cyclic': 'triangular2'}",16,0.5941170454545456,0.8739322901509787,0.4619761542878031,0.5941165477031044
1036,1,2048,0.27181143473923264,gelu,"{'name': 'AdamW', 'lr': 4.16831252047877e-05}",BCEWithLogitsLoss,0.31552024712961824,"{'name': 'CyclicLR', 'base_lr': 0.0007329700887177057, 'max_lr': 0.003140053508819975, 'step_size_up': 2000, 'mode_cyclic': 'triangular2'}",16,0.5717238636363636,0.9068970486584124,0.42757417847390805,0.5717163422340722
1036,1,2048,0.2780289320204299,gelu,"{'name': 'Adam', 'lr': 3.550222031464896e-05}",BCEWithLogitsLoss,0.3112787109637246,"{'name': 'CyclicLR', 'base_lr': 0.00010334459444111786, 'max_lr': 0.0373753944850358, 'step_size_up': 4000, 'mode_cyclic': 'exp_range'}",16,0.6022068181818182,0.9026558687153607,0.46352667045959384,0.6022044216264044
1036,1,2048,0.14179430714258423,gelu,"{'name': 'AdamW', 'lr': 0.00047576718102004334}",BCEWithLogitsLoss,0.30206834645095787,"{'name': 'CyclicLR', 'base_lr': 0.0001460028967031339, 'max_lr': 0.003145086762407956, 'step_size_up': 4000, 'mode_cyclic': 'triangular2'}",16,0.6072272727272727,0.8860622239465823,0.4741614083383784,0.6072271129261932
1036,1,2048,0.268712341034397,gelu,"{'name': 'AdamW', 'lr': 0.00026291180788365283}",BCEWithLogitsLoss,0.30290792601249333,"{'name': 'CyclicLR', 'base_lr': 1.0504707889390302e-05, 'max_lr': 0.007558245982051084, 'step_size_up': 4000, 'mode_cyclic': 'triangular'}",16,0.5968136363636364,0.8403352570631981,0.4730798790751189,0.5968162910437583
1036,2,2048,0.16754153989216067,gelu,"{'name': 'AdamW', 'lr': 0.0004461144885642917}",BCEWithLogitsLoss,0.3020534566480086,"{'name': 'CyclicLR', 'base_lr': 6.372542839304234e-05, 'max_lr': 0.0016024663758207399, 'step_size_up': 4000, 'mode_cyclic': 'triangular'}",16,0.5502625,0.7436900823849354,0.44878337732734347,0.5502617160260727
1036,2,256,0.16808492246604292,gelu,"{'name': 'AdamW', 'lr': 1.2666853352821205e-05}",BCEWithLogitsLoss,0.31763233705659555,"{'name': 'CyclicLR', 'base_lr': 5.7583795093457443e-05, 'max_lr': 0.00472580178141697, 'step_size_up': 4000, 'mode_cyclic': 'exp_range'}",32,0.1905056818181818,0.8886363636363637,0.11072089087559785,0.19050882578258402
1036,1,256,0.13870374273109626,gelu,"{'name': 'AdamW', 'lr': 0.0003059447486259614}",BCEWithLogitsLoss,0.3014473953652331,"{'name': 'CyclicLR', 'base_lr': 1.2638861002620708e-05, 'max_lr': 0.002768512736247811, 'step_size_up': 2000, 'mode_cyclic': 'triangular2'}",16,0.47304318181818183,0.8285188611893158,0.34449280977633856,0.4730445261325256
1036,2,2048,0.1406787516971831,gelu,"{'name': 'AdamW', 'lr': 4.725413523135637e-05}",BCEWithLogitsLoss,0.3108684882245199,"{'name': 'CyclicLR', 'base_lr': 1.0675895457128329e-05, 'max_lr': 0.0020269132366076605, 'step_size_up': 4000, 'mode_cyclic': 'triangular2'}",16,0.5106909090909091,0.7034881118076657,0.41053290317596586,0.5106944281971111
1036,1,2048,0.17772834566565357,gelu,"{'name': 'AdamW', 'lr': 1.3708993961862615e-05}",BCEWithLogitsLoss,0.30985237638578667,"{'name': 'CyclicLR', 'base_lr': 0.00010506998227962452, 'max_lr': 0.008128883078315092, 'step_size_up': 4000, 'mode_cyclic': 'triangular'}",32,0.1947193181818182,0.9270833333333333,0.11184555632882369,0.19472497676283665
1036,1,2048,0.14880897839685953,gelu,"{'name': 'AdamW', 'lr': 0.00010481557785185318}",BCEWithLogitsLoss,0.34392060765356036,"{'name': 'CyclicLR', 'base_lr': 1.8017705081150556e-05, 'max_lr': 0.030059664309954697, 'step_size_up': 2000, 'mode_cyclic': 'triangular2'}",16,0.5838943181818181,0.8938728096398552,0.447024411480027,0.5838921858814644
1036,2,2048,0.27494117583329,gelu,"{'name': 'AdamW', 'lr': 3.3562051174839284e-05}",BCEWithLogitsLoss,0.3052235941119843,"{'name': 'CyclicLR', 'base_lr': 5.6363407908906694e-05, 'max_lr': 0.009897217792688597, 'step_size_up': 4000, 'mode_cyclic': 'triangular2'}",16,0.515925,0.6178177579012681,0.45647001337066145,0.5159223044712329
1036,2,2048,0.17955056712152864,gelu,"{'name': 'Adam', 'lr': 3.0465726935608643e-05}",BCEWithLogitsLoss,0.3080107029310861,"{'name': 'CyclicLR', 'base_lr': 6.26619719145254e-05, 'max_lr': 0.0010923097784189745, 'step_size_up': 2000, 'mode_cyclic': 'triangular'}",16,0.47429772727272734,0.5658255148918849,0.41887596947225825,0.4743007620434788
1036,2,2048,0.1791287464180245,gelu,"{'name': 'Adam', 'lr': 2.855527691881208e-05}",BCEWithLogitsLoss,0.30456286388317366,"{'name': 'CyclicLR', 'base_lr': 9.559693082353419e-05, 'max_lr': 0.0052068962862032355, 'step_size_up': 2000, 'mode_cyclic': 'triangular2'}",16,0.5276556818181818,0.6938560297768185,0.4342624661968809,0.5276552022250665
1036,2,2048,0.2778614757348933,gelu,"{'name': 'Adam', 'lr': 1.1097084134263017e-05}",BCEWithLogitsLoss,0.33956715310527663,"{'name': 'CyclicLR', 'base_lr': 3.073869741989723e-05, 'max_lr': 0.0020190563906031887, 'step_size_up': 4000, 'mode_cyclic': 'triangular'}",16,0.5398261363636364,0.6661130406687399,0.46488203224530605,0.5398231446826172
1036,2,2048,0.2771611756518885,gelu,"{'name': 'Adam', 'lr': 8.611676347742351e-05}",BCEWithLogitsLoss,0.3464886682871187,"{'name': 'CyclicLR', 'base_lr': 6.433393083021115e-05, 'max_lr': 0.007924384214812494, 'step_size_up': 2000, 'mode_cyclic': 'triangular'}",16,0.5431011363636363,0.6231961111546146,0.4934246210726054,0.5430995102771748
1036,1,2048,0.2768454618356977,gelu,"{'name': 'Adam', 'lr': 0.0005018047739347955}",BCEWithLogitsLoss,0.3080715315171695,"{'name': 'CyclicLR', 'base_lr': 0.00025866492582438794, 'max_lr': 0.0038102890129225802, 'step_size_up': 4000, 'mode_cyclic': 'triangular'}",16,0.5831852272727274,0.7676424743186107,0.48069870964313355,0.5831819202309466
1036,1,2048,0.27677233154996583,gelu,"{'name': 'Adam', 'lr': 0.00069641362300575}",BCEWithLogitsLoss,0.33969349295485074,"{'name': 'CyclicLR', 'base_lr': 7.016993037269678e-05, 'max_lr': 0.003610036549772322, 'step_size_up': 2000, 'mode_cyclic': 'triangular'}",16,0.4234806818181818,0.9257716715103079,0.2853865099219224,0.42348121455889937
1036,1,2048,0.27556627518327637,gelu,"{'name': 'Adam', 'lr': 0.00030423280350288227}",BCEWithLogitsLoss,0.30198730330511836,"{'name': 'CyclicLR', 'base_lr': 5.927706632235694e-05, 'max_lr': 0.004577078394611351, 'step_size_up': 4000, 'mode_cyclic': 'triangular2'}",16,0.5775806818181818,0.8907926010783632,0.4383119211671362,0.5775771478795663
1036,1,2048,0.2742936415333388,gelu,"{'name': 'AdamW', 'lr': 2.9314575111208694e-05}",BCEWithLogitsLoss,0.3095236804587303,"{'name': 'CyclicLR', 'base_lr': 0.0009751052546369514, 'max_lr': 0.08187319054715231, 'step_size_up': 4000, 'mode_cyclic': 'triangular'}",16,0.6129897727272727,0.8787248383672182,0.48210975183881194,0.6129850443729229
1036,1,2048,0.12334037338588064,gelu,"{'name': 'AdamW', 'lr': 0.0002380936203536494}",BCEWithLogitsLoss,0.3077962994029397,"{'name': 'CyclicLR', 'base_lr': 3.888044761483741e-05, 'max_lr': 0.06711597078450106, 'step_size_up': 4000, 'mode_cyclic': 'exp_range'}",16,0.5860852272727272,0.8532060899958629,0.45955020476220787,0.5860896475332923
1036,1,2048,0.2758727931508244,gelu,"{'name': 'AdamW', 'lr': 0.0003995940283269511}",BCEWithLogitsLoss,0.3089284578177789,"{'name': 'CyclicLR', 'base_lr': 0.0006863036930745188, 'max_lr': 0.016069696733593677, 'step_size_up': 4000, 'mode_cyclic': 'triangular2'}",16,0.5946045454545454,0.8892682128477585,0.4599364042846242,0.5946014304282442
1036,1,2048,0.2805159831441262,gelu,"{'name': 'AdamW', 'lr': 0.00038316885252213267}",BCEWithLogitsLoss,0.3038842754589135,"{'name': 'CyclicLR', 'base_lr': 2.4339715761318306e-05, 'max_lr': 0.021669502825437177, 'step_size_up': 4000, 'mode_cyclic': 'exp_range'}",16,0.6065443181818182,0.8839438024097116,0.471964517115488,0.6065412018713617
1036,1,2048,0.28070361252357273,gelu,"{'name': 'AdamW', 'lr': 5.659461051805547e-05}",BCEWithLogitsLoss,0.30611475957698353,"{'name': 'CyclicLR', 'base_lr': 0.0002210679988102844, 'max_lr': 0.03671061137720344, 'step_size_up': 2000, 'mode_cyclic': 'triangular'}",16,0.5915693181818181,0.87278935599457,0.4597913161947575,0.5915661723552833
1036,1,2048,0.2769116764811991,gelu,"{'name': 'AdamW', 'lr': 0.00015124073834272013}",BCEWithLogitsLoss,0.3000194313705942,"{'name': 'CyclicLR', 'base_lr': 2.5190265346658302e-05, 'max_lr': 0.0037554386054604013, 'step_size_up': 4000, 'mode_cyclic': 'triangular2'}",16,0.5956250000000001,0.8906030124182038,0.45841206738982193,0.5956209602780574
1036,1,2048,0.28100135987695235,gelu,"{'name': 'AdamW', 'lr': 9.060819206387552e-05}",BCEWithLogitsLoss,0.30220306106668937,"{'name': 'CyclicLR', 'base_lr': 0.0002501568564567616, 'max_lr': 0.0697555016348513, 'step_size_up': 2000, 'mode_cyclic': 'triangular2'}",16,0.5314397727272727,0.9027242801390529,0.386195060942863,0.5314369153476923
1036,1,2048,0.29147973987551695,gelu,"{'name': 'AdamW', 'lr': 0.0006371540918033493}",BCEWithLogitsLoss,0.31626651184564725,"{'name': 'CyclicLR', 'base_lr': 0.0006837737807323047, 'max_lr': 0.07266495483205467, 'step_size_up': 4000, 'mode_cyclic': 'triangular'}",16,0.5972477272727272,0.8857643619007256,0.4597333044563799,0.597245291492153
1036,1,2048,0.27972603177159394,gelu,"{'name': 'AdamW', 'lr': 6.31991429105931e-05}",BCEWithLogitsLoss,0.3159181439458031,"{'name': 'CyclicLR', 'base_lr': 0.0005505437243171306, 'max_lr': 0.005227856385463039, 'step_size_up': 4000, 'mode_cyclic': 'triangular2'}",16,0.4921999999999999,0.8925108981927163,0.35138523072906064,0.4921980383925943
1036,1,2048,0.2746859715966426,gelu,"{'name': 'AdamW', 'lr': 1.7223008444369093e-05}",BCEWithLogitsLoss,0.3145179861329118,"{'name': 'CyclicLR', 'base_lr': 1.2958358066013927e-05, 'max_lr': 0.006667883126501347, 'step_size_up': 2000, 'mode_cyclic': 'triangular2'}",16,0.4710329545454545,0.9040710051238126,0.33049075646130793,0.4710344663101607
1036,1,2048,0.278049303807764,gelu,"{'name': 'AdamW', 'lr': 0.0003675387429623007}",BCEWithLogitsLoss,0.3137740178954646,"{'name': 'CyclicLR', 'base_lr': 8.140232702598884e-05, 'max_lr': 0.02489709502906296, 'step_size_up': 2000, 'mode_cyclic': 'exp_range'}",16,0.5862170454545456,0.9062470988607353,0.4450551144495101,0.5862129615046512
1036,1,2048,0.27541274662853926,gelu,"{'name': 'AdamW', 'lr': 2.08846157900132e-05}",BCEWithLogitsLoss,0.31729947036878314,"{'name': 'CyclicLR', 'base_lr': 6.256032367970469e-05, 'max_lr': 0.014452255819235121, 'step_size_up': 2000, 'mode_cyclic': 'triangular2'}",16,0.5962738636363636,0.9048586848386314,0.4564089649841587,0.5962705563589158
1036,1,2048,0.2885382308104331,gelu,"{'name': 'AdamW', 'lr': 0.00014940263469526735}",BCEWithLogitsLoss,0.3190381118744924,"{'name': 'CyclicLR', 'base_lr': 8.973849768236782e-05, 'max_lr': 0.004481409909691981, 'step_size_up': 2000, 'mode_cyclic': 'triangular'}",16,0.588653409090909,0.888439165001665,0.4508643620519569,0.588649890942436
1036,1,2048,0.29018461955139613,gelu,"{'name': 'AdamW', 'lr': 1.4103382651185417e-05}",BCEWithLogitsLoss,0.32250811826743475,"{'name': 'CyclicLR', 'base_lr': 0.0006743428227196994, 'max_lr': 0.0010997320424232708, 'step_size_up': 2000, 'mode_cyclic': 'triangular2'}",16,0.6280170454545454,0.8427335838181427,0.5124985210437148,0.6280106631404933
1036,1,2048,0.29156846671424963,gelu,"{'name': 'AdamW', 'lr': 8.408358147852856e-05}",BCEWithLogitsLoss,0.3186011044202346,"{'name': 'CyclicLR', 'base_lr': 6.688671823250552e-05, 'max_lr': 0.003257527081598189, 'step_size_up': 2000, 'mode_cyclic': 'triangular2'}",16,0.5976170454545454,0.9008797389479206,0.45791008477413264,0.5976133200257681
1036,1,2048,0.2905326443202327,gelu,"{'name': 'AdamW', 'lr': 3.5447085177332765e-05}",BCEWithLogitsLoss,0.31953275380612434,"{'name': 'CyclicLR', 'base_lr': 1.6550070606591807e-05, 'max_lr': 0.020875730682214672, 'step_size_up': 2000, 'mode_cyclic': 'triangular2'}",16,0.5899125000000001,0.8894050097258653,0.4531287805227502,0.5899096218985777
1036,1,2048,0.2880115600992319,gelu,"{'name': 'AdamW', 'lr': 0.000342261978718814}",BCEWithLogitsLoss,0.3214349038383542,"{'name': 'CyclicLR', 'base_lr': 2.5931782759365002e-05, 'max_lr': 0.0631640130894262, 'step_size_up': 4000, 'mode_cyclic': 'exp_range'}",16,0.6247488636363636,0.8950551389458652,0.4923178929362468,0.6247455000728398
1036,1,2048,0.2912085663532323,gelu,"{'name': 'AdamW', 'lr': 0.00011587150198383571}",BCEWithLogitsLoss,0.3202464748130913,"{'name': 'CyclicLR', 'base_lr': 0.00041502007111559377, 'max_lr': 0.03643052752962379, 'step_size_up': 2000, 'mode_cyclic': 'exp_range'}",16,0.6024375000000001,0.9068365977456886,0.4625426251113629,0.6024330121627883
1036,1,2048,0.2930540930571235,gelu,"{'name': 'AdamW', 'lr': 0.0006656354005281971}",BCEWithLogitsLoss,0.32145785785996395,"{'name': 'CyclicLR', 'base_lr': 0.0001010006157642739, 'max_lr': 0.08544320885839503, 'step_size_up': 4000, 'mode_cyclic': 'triangular'}",16,0.6105420454545455,0.8642558830058831,0.4828102091302624,0.6105372618017003
1036,1,2048,0.28887155410379806,gelu,"{'name': 'AdamW', 'lr': 0.0005371864629692799}",BCEWithLogitsLoss,0.31954493945658424,"{'name': 'CyclicLR', 'base_lr': 9.99895306763472e-05, 'max_lr': 0.0019134093303315675, 'step_size_up': 4000, 'mode_cyclic': 'triangular'}",16,0.5949420454545454,0.9125453460680734,0.45441602004660325,0.5949382234865308
1036,1,2048,0.2870674137238677,gelu,"{'name': 'AdamW', 'lr': 0.0001973967533578444}",BCEWithLogitsLoss,0.3191688105969675,"{'name': 'CyclicLR', 'base_lr': 6.974449926384717e-05, 'max_lr': 0.0019660894080119943, 'step_size_up': 4000, 'mode_cyclic': 'triangular'}",16,0.5915431818181819,0.8831996286541741,0.4547966519563165,0.5915396897829098
1036,1,2048,0.28821070556637773,gelu,"{'name': 'AdamW', 'lr': 1.0835802756717383e-05}",BCEWithLogitsLoss,0.3195749908991817,"{'name': 'CyclicLR', 'base_lr': 0.0002936234531043167, 'max_lr': 0.0014033389812058619, 'step_size_up': 2000, 'mode_cyclic': 'exp_range'}",16,0.6021125,0.8652463855588857,0.47169051995681593,0.60210753425792
1036,1,2048,0.29008271510089606,gelu,"{'name': 'AdamW', 'lr': 0.00038549665612941467}",BCEWithLogitsLoss,0.32102194871568573,"{'name': 'CyclicLR', 'base_lr': 1.8419920391809863e-05, 'max_lr': 0.010896258087323673, 'step_size_up': 4000, 'mode_cyclic': 'triangular'}",16,0.6078284090909091,0.8980490617522702,0.4716052963230984,0.6078212939940383
1036,1,2048,0.28960587774915986,gelu,"{'name': 'AdamW', 'lr': 3.320984965612672e-05}",BCEWithLogitsLoss,0.31971616679487763,"{'name': 'CyclicLR', 'base_lr': 2.1175476217335622e-05, 'max_lr': 0.004716699647966153, 'step_size_up': 4000, 'mode_cyclic': 'triangular'}",16,0.5890829545454545,0.8230447342065165,0.4694715062948353,0.5890797327136444
1036,1,2048,0.294639152165674,elu,"{'name': 'AdamW', 'lr': 0.00014143574737855784}",BCEWithLogitsLoss,0.3183480310869436,"{'name': 'CyclicLR', 'base_lr': 1.8270593994667712e-05, 'max_lr': 0.008225033876325167, 'step_size_up': 2000, 'mode_cyclic': 'exp_range'}",16,0.5455897727272728,0.9119648974762612,0.40199256560910146,0.5455881597676475
1036,1,2048,0.28908462428718557,gelu,"{'name': 'AdamW', 'lr': 0.00048311267977631104}",BCEWithLogitsLoss,0.3182024934741396,"{'name': 'CyclicLR', 'base_lr': 4.237895701570997e-05, 'max_lr': 0.0475783140973652, 'step_size_up': 2000, 'mode_cyclic': 'triangular2'}",16,0.6054511363636363,0.815372563784997,0.493115086210136,0.6054470372227109
1036,1,2048,0.29155936886565487,elu,"{'name': 'AdamW', 'lr': 0.0002839040131997084}",BCEWithLogitsLoss,0.32047507893255667,"{'name': 'CyclicLR', 'base_lr': 0.0001047419022729432, 'max_lr': 0.017535786459839203, 'step_size_up': 2000, 'mode_cyclic': 'triangular2'}",16,0.595534090909091,0.9220797510570239,0.4509821605487661,0.5955332000965257
1036,1,2048,0.29086137595406797,elu,"{'name': 'AdamW', 'lr': 0.00034388523990080803}",BCEWithLogitsLoss,0.3207044918793331,"{'name': 'CyclicLR', 'base_lr': 7.08563484082285e-05, 'max_lr': 0.008220974349862768, 'step_size_up': 2000, 'mode_cyclic': 'triangular'}",16,0.6154704545454546,0.8928862488521581,0.48167505933051963,0.6154692521371268
1036,1,2048,0.2915102188953328,elu,"{'name': 'AdamW', 'lr': 0.00046094407486066744}",BCEWithLogitsLoss,0.32050435251801546,"{'name': 'CyclicLR', 'base_lr': 0.00020833289899836738, 'max_lr': 0.0049925310336403845, 'step_size_up': 4000, 'mode_cyclic': 'exp_range'}",16,0.5944431818181818,0.8719226962876694,0.4643869141611022,0.5944439375938889
1036,1,2048,0.29138146349574673,gelu,"{'name': 'AdamW', 'lr': 0.00019268732427934636}",BCEWithLogitsLoss,0.32016410043893884,"{'name': 'CyclicLR', 'base_lr': 0.0007278444114762016, 'max_lr': 0.04817623671070402, 'step_size_up': 4000, 'mode_cyclic': 'triangular2'}",16,0.6200659090909091,0.898309865639411,0.4844719581432815,0.6200642164288009
1036,1,2048,0.2892997496891159,elu,"{'name': 'AdamW', 'lr': 9.631939427881252e-05}",BCEWithLogitsLoss,0.3191359013169156,"{'name': 'CyclicLR', 'base_lr': 0.0003442988652352151, 'max_lr': 0.0027752021879899214, 'step_size_up': 4000, 'mode_cyclic': 'exp_range'}",16,0.6116170454545454,0.8869774693889,0.48035374746327447,0.6116165266846852
1036,1,2048,0.29138041981707585,elu,"{'name': 'AdamW', 'lr': 3.057947138004924e-05}",BCEWithLogitsLoss,0.3184168506347794,"{'name': 'CyclicLR', 'base_lr': 0.0009623789289463702, 'max_lr': 0.0024820325203604447, 'step_size_up': 2000, 'mode_cyclic': 'triangular'}",16,0.6099261363636362,0.9102583560972598,0.47184779762984114,0.6099178307775392
1036,1,2048,0.29631004469153016,gelu,"{'name': 'AdamW', 'lr': 0.0007088090979393114}",BCEWithLogitsLoss,0.32174809184592795,"{'name': 'CyclicLR', 'base_lr': 1.9669491734022022e-05, 'max_lr': 0.08743964701360232, 'step_size_up': 2000, 'mode_cyclic': 'exp_range'}",16,0.5973511363636363,0.8818035740996972,0.4630083918931792,0.5973436185209643
1036,1,2048,0.29347030491076387,gelu,"{'name': 'AdamW', 'lr': 0.0005876841449708137}",BCEWithLogitsLoss,0.3222239634076327,"{'name': 'CyclicLR', 'base_lr': 2.6860435058628494e-05, 'max_lr': 0.018540016316673347, 'step_size_up': 4000, 'mode_cyclic': 'triangular'}",16,0.3301363636363636,0.9033008658008659,0.21086452138353318,0.33014252046862275
1036,1,2048,0.29166241637555035,elu,"{'name': 'AdamW', 'lr': 0.0009376825983720096}",BCEWithLogitsLoss,0.32113367570114737,"{'name': 'CyclicLR', 'base_lr': 2.2953432722467097e-05, 'max_lr': 0.03404487931838456, 'step_size_up': 2000, 'mode_cyclic': 'triangular2'}",16,0.6010863636363637,0.9004213854991366,0.4671676923497186,0.6010824303469693
1036,1,2048,0.29214313069810366,elu,"{'name': 'AdamW', 'lr': 2.2451891310542417e-05}",BCEWithLogitsLoss,0.32300215374568075,"{'name': 'CyclicLR', 'base_lr': 6.962318430724246e-05, 'max_lr': 0.03869651232576972, 'step_size_up': 2000, 'mode_cyclic': 'triangular2'}",16,0.5638522727272727,0.9214895268872543,0.4193033491224739,0.5638497489602217
1036,1,2048,0.29213545309487987,gelu,"{'name': 'AdamW', 'lr': 0.0001188628667464654}",BCEWithLogitsLoss,0.31832003261363445,"{'name': 'CyclicLR', 'base_lr': 0.0009779548850383229, 'max_lr': 0.00628374567205486, 'step_size_up': 2000, 'mode_cyclic': 'triangular'}",16,0.5110738636363636,0.8727101181646636,0.3724344705200405,0.5110726999699211
1036,1,2048,0.29060364836081565,gelu,"{'name': 'AdamW', 'lr': 0.0006486020265663245}",BCEWithLogitsLoss,0.3226067869375665,"{'name': 'CyclicLR', 'base_lr': 1.2092069842278239e-05, 'max_lr': 0.007299644471588434, 'step_size_up': 2000, 'mode_cyclic': 'triangular2'}",16,0.5911124999999999,0.909759582737524,0.4482078774449199,0.5911080178467408
1036,1,2048,0.2957332014654455,elu,"{'name': 'AdamW', 'lr': 0.00034419127564800674}",BCEWithLogitsLoss,0.3198956888644432,"{'name': 'CyclicLR', 'base_lr': 1.5080408906872294e-05, 'max_lr': 0.0026443325740435667, 'step_size_up': 4000, 'mode_cyclic': 'triangular'}",16,0.6148534090909091,0.8951653302505576,0.48243360522609763,0.6148535213997817
1036,1,2048,0.29256734749400626,elu,"{'name': 'AdamW', 'lr': 1.096537395837777e-05}",BCEWithLogitsLoss,0.3243060650343813,"{'name': 'CyclicLR', 'base_lr': 3.204128740491481e-05, 'max_lr': 0.010834342975828432, 'step_size_up': 4000, 'mode_cyclic': 'triangular'}",16,0.627434090909091,0.9005949069869525,0.49311790096483676,0.6274297723593256
1036,1,2048,0.29252104239079174,elu,"{'name': 'AdamW', 'lr': 9.466600105520098e-05}",BCEWithLogitsLoss,0.324327307910131,"{'name': 'CyclicLR', 'base_lr': 0.00026549644735963555, 'max_lr': 0.05468935346573632, 'step_size_up': 4000, 'mode_cyclic': 'triangular'}",16,0.5685920454545454,0.9192882559359831,0.42431566215265926,0.5685890304410821
1036,1,2048,0.2980172461472513,gelu,"{'name': 'AdamW', 'lr': 4.517322803250232e-05}",BCEWithLogitsLoss,0.32462730423138386,"{'name': 'CyclicLR', 'base_lr': 1.86923909991397e-05, 'max_lr': 0.0029775004888844656, 'step_size_up': 2000, 'mode_cyclic': 'triangular2'}",16,0.570753409090909,0.8770631830290921,0.43390111270199977,0.5707529263972838
1036,1,2048,0.2986571609298304,elu,"{'name': 'AdamW', 'lr': 0.000876937072151703}",BCEWithLogitsLoss,0.3257394516990072,"{'name': 'CyclicLR', 'base_lr': 8.566180765151204e-05, 'max_lr': 0.004080434652534918, 'step_size_up': 2000, 'mode_cyclic': 'triangular2'}",16,0.6077318181818181,0.8943299505381724,0.4717646681521936,0.6077303949227342
1036,1,2048,0.30029116136025674,elu,"{'name': 'AdamW', 'lr': 4.0702987756754364e-05}",BCEWithLogitsLoss,0.3253370799326085,"{'name': 'CyclicLR', 'base_lr': 3.258179796947058e-05, 'max_lr': 0.015399318618573434, 'step_size_up': 4000, 'mode_cyclic': 'exp_range'}",16,0.6225147727272727,0.8383808113903587,0.507292971516733,0.6225103115157155
1036,1,128,0.2970483521219195,elu,"{'name': 'AdamW', 'lr': 3.304490421358211e-05}",BCEWithLogitsLoss,0.3272164838039601,"{'name': 'StepLR', 'step_size': 10, 'gamma': 0.12565015704544402}",16,0.05146477272727273,0.039600550964187325,0.07416356719691547,0.051465996280975694
1036,1,128,0.2990606131445423,elu,"{'name': 'AdamW', 'lr': 1.4669105533499123e-05}",BCEWithLogitsLoss,0.32736573569638916,"{'name': 'StepLR', 'step_size': 10, 'gamma': 0.8022438388871879}",16,0.02550795454545454,0.01962809917355372,0.0367545123552371,0.025511951924438784
1036,1,2048,0.2982180021755262,elu,"{'name': 'AdamW', 'lr': 0.00033866656303192674}",BCEWithLogitsLoss,0.3297380514467037,"{'name': 'CyclicLR', 'base_lr': 1.107422285323609e-05, 'max_lr': 0.01007919003094709, 'step_size_up': 4000, 'mode_cyclic': 'exp_range'}",16,0.6055579545454546,0.9001609520158986,0.4694519795291571,0.6055542631351528
1036,1,2048,0.30153886543574815,elu,"{'name': 'AdamW', 'lr': 0.00018738956861313544}",BCEWithLogitsLoss,0.6579402225937305,"{'name': 'CyclicLR', 'base_lr': 0.0003180872297803386, 'max_lr': 0.022752762783888495, 'step_size_up': 4000, 'mode_cyclic': 'exp_range'}",16,0.4117045454545455,0.9755140692640694,0.270518518926975,0.41170322987877034
1036,1,2048,0.31037684955426575,gelu,"{'name': 'AdamW', 'lr': 9.726897967902495e-05}",BCEWithLogitsLoss,0.3239177190982784,"{'name': 'CyclicLR', 'base_lr': 0.00038307176647018226, 'max_lr': 0.008941454200710257, 'step_size_up': 4000, 'mode_cyclic': 'triangular'}",16,0.6209420454545455,0.9105915141008722,0.4815861282237867,0.6209402232784794
1036,1,2048,0.30842022816882164,gelu,"{'name': 'AdamW', 'lr': 0.00034855562544671456}",BCEWithLogitsLoss,0.6875214999561053,"{'name': 'CyclicLR', 'base_lr': 0.00021015058946804717, 'max_lr': 0.006587033038990762, 'step_size_up': 2000, 'mode_cyclic': 'triangular'}",16,0.4141704545454546,0.9710091991341993,0.27238382283122103,0.4141709137887981
1036,1,2048,0.3111095807701948,elu,"{'name': 'AdamW', 'lr': 0.0001611625757447853}",BCEWithLogitsLoss,0.6614556351087613,"{'name': 'CyclicLR', 'base_lr': 0.0006805254608630716, 'max_lr': 0.00125905451232653, 'step_size_up': 2000, 'mode_cyclic': 'triangular'}",16,0.44359772727272734,0.9689119277187459,0.29919882395243846,0.4435986783508312
1036,1,2048,0.31109034937577584,elu,"{'name': 'AdamW', 'lr': 0.00037886769756420477}",BCEWithLogitsLoss,0.3288648533486782,"{'name': 'CyclicLR', 'base_lr': 5.2121302774828725e-05, 'max_lr': 0.0017246090765114153, 'step_size_up': 4000, 'mode_cyclic': 'exp_range'}",16,0.5870897727272727,0.9255520493321295,0.4431051391322259,0.5870867587331215
1036,1,2048,0.30788598646700593,elu,"{'name': 'AdamW', 'lr': 0.0003754054777283648}",BCEWithLogitsLoss,0.3293432465069365,"{'name': 'CyclicLR', 'base_lr': 6.568740019614663e-05, 'max_lr': 0.04432971650097774, 'step_size_up': 2000, 'mode_cyclic': 'triangular'}",16,0.6365795454545455,0.8742215795529017,0.5161199641489568,0.6365770007827437
1036,1,2048,0.3115832456281173,elu,"{'name': 'AdamW', 'lr': 0.0004269851343212853}",BCEWithLogitsLoss,0.3304886257692844,"{'name': 'CyclicLR', 'base_lr': 1.4772614560338962e-05, 'max_lr': 0.017617560654357243, 'step_size_up': 2000, 'mode_cyclic': 'triangular2'}",16,0.6054193181818182,0.9054971543607908,0.46954120009060946,0.605409774975618
1036,1,2048,0.3084122932054402,elu,"{'name': 'AdamW', 'lr': 1.2215535006062693e-05}",BCEWithLogitsLoss,0.6696801108447656,"{'name': 'CyclicLR', 'base_lr': 0.0006426285531165953, 'max_lr': 0.011353439308507681, 'step_size_up': 4000, 'mode_cyclic': 'exp_range'}",16,0.5096363636363637,0.9602850747737112,0.3582461153457112,0.5096373821341541
1036,1,2048,0.3172179883654809,elu,"{'name': 'AdamW', 'lr': 0.0004753373940274114}",BCEWithLogitsLoss,0.7148557287454191,"{'name': 'CyclicLR', 'base_lr': 0.0007928180609630981, 'max_lr': 0.054790554521853135, 'step_size_up': 4000, 'mode_cyclic': 'exp_range'}",16,0.4203181818181818,0.9869002525252525,0.2782142531801042,0.4203149813355971
1036,1,2048,0.3102618130272467,elu,"{'name': 'AdamW', 'lr': 4.614745783321874e-05}",BCEWithLogitsLoss,0.3308297933633004,"{'name': 'CyclicLR', 'base_lr': 2.0411906517221147e-05, 'max_lr': 0.04989637862346818, 'step_size_up': 2000, 'mode_cyclic': 'triangular'}",16,0.6190579545454546,0.9089034702671067,0.48140288068768206,0.6190540999333592
1036,1,2048,0.3123764981402082,elu,"{'name': 'AdamW', 'lr': 0.00021429834522846263}",BCEWithLogitsLoss,0.6909635005259916,"{'name': 'CyclicLR', 'base_lr': 0.0009050049463918781, 'max_lr': 0.028626771548501465, 'step_size_up': 2000, 'mode_cyclic': 'triangular2'}",16,0.4209215909090909,0.9597033648170011,0.2793416420562303,0.420919701521723
1036,1,2048,0.3127426118838475,elu,"{'name': 'AdamW', 'lr': 4.679342870772538e-05}",BCEWithLogitsLoss,0.3312081626835536,"{'name': 'CyclicLR', 'base_lr': 1.172216291689822e-05, 'max_lr': 0.0037692093321178245, 'step_size_up': 2000, 'mode_cyclic': 'triangular2'}",16,0.6013943181818182,0.8892552207893117,0.46720095940144213,0.6013867297737949
1036,1,2048,0.309029201382422,elu,"{'name': 'AdamW', 'lr': 0.00010806213294947399}",BCEWithLogitsLoss,0.6673329372418078,"{'name': 'CyclicLR', 'base_lr': 3.363002870408322e-05, 'max_lr': 0.002628629361184509, 'step_size_up': 4000, 'mode_cyclic': 'triangular'}",16,0.435425,0.9599161255411256,0.2931339180090044,0.4354166767909455
1036,1,2048,0.3134887949133914,elu,"{'name': 'AdamW', 'lr': 9.831215297222708e-05}",BCEWithLogitsLoss,0.6759890817170111,"{'name': 'CyclicLR', 'base_lr': 6.866721129209302e-05, 'max_lr': 0.036068467912220036, 'step_size_up': 4000, 'mode_cyclic': 'triangular2'}",16,0.39323295454545454,0.9757305194805196,0.2560310721222084,0.3932309958505334
1036,1,2048,0.3128315401531179,elu,"{'name': 'AdamW', 'lr': 0.00014097724100203832}",BCEWithLogitsLoss,0.6817980784422937,"{'name': 'CyclicLR', 'base_lr': 0.0004411125591119252, 'max_lr': 0.013345630038547593, 'step_size_up': 4000, 'mode_cyclic': 'triangular'}",16,0.43101022727272725,0.9680551456119638,0.28816165359022966,0.43100540772624496
1036,1,2048,0.31030748085462045,elu,"{'name': 'AdamW', 'lr': 2.7192441212512377e-05}",BCEWithLogitsLoss,0.3333768117760792,"{'name': 'CyclicLR', 'base_lr': 0.0002680797360383383, 'max_lr': 0.00549399505400343, 'step_size_up': 2000, 'mode_cyclic': 'exp_range'}",16,0.5842806818181818,0.8887876328217238,0.44719894555742085,0.5842762981130677
1036,1,2048,0.30891177986815904,elu,"{'name': 'AdamW', 'lr': 2.333899062969875e-05}",BCEWithLogitsLoss,0.346645369483593,"{'name': 'CyclicLR', 'base_lr': 3.9070835462253995e-05, 'max_lr': 0.027170390322130842, 'step_size_up': 4000, 'mode_cyclic': 'triangular2'}",16,0.6000409090909091,0.9120752529926996,0.4591677462355869,0.6000394345600184
1036,1,2048,0.306748475244128,elu,"{'name': 'AdamW', 'lr': 0.0004013237241415467}",BCEWithLogitsLoss,0.3340109452414056,"{'name': 'CyclicLR', 'base_lr': 0.00031372825977626353, 'max_lr': 0.03873657794491257, 'step_size_up': 2000, 'mode_cyclic': 'triangular2'}",16,0.6060579545454545,0.9133208795809061,0.4661069666084374,0.6060574617472706
1036,1,2048,0.3103931058875809,elu,"{'name': 'AdamW', 'lr': 0.00014013718117109273}",BCEWithLogitsLoss,0.3484199275959498,"{'name': 'CyclicLR', 'base_lr': 2.757323706849033e-05, 'max_lr': 0.0530175044501427, 'step_size_up': 2000, 'mode_cyclic': 'triangular'}",16,0.6155079545454546,0.9332938526120345,0.47098133285594285,0.6155006236163792
1036,1,2048,0.31394713924145157,elu,"{'name': 'AdamW', 'lr': 5.572039670580677e-05}",BCEWithLogitsLoss,0.3383627000369309,"{'name': 'CyclicLR', 'base_lr': 1.9841594405346716e-05, 'max_lr': 0.013084856228604063, 'step_size_up': 2000, 'mode_cyclic': 'triangular2'}",16,0.5948,0.9154902519123777,0.45440962924431416,0.5947974884142962
1036,1,2048,0.31611997671689795,elu,"{'name': 'AdamW', 'lr': 0.0008452176496403612}",BCEWithLogitsLoss,0.3347424794503154,"{'name': 'CyclicLR', 'base_lr': 0.0006615208584586313, 'max_lr': 0.018240732921094283, 'step_size_up': 4000, 'mode_cyclic': 'exp_range'}",16,0.5826261363636364,0.9302033843310582,0.43687032538236825,0.5826192174867759
1036,1,2048,0.3167503126727805,elu,"{'name': 'AdamW', 'lr': 0.000655207999897546}",BCEWithLogitsLoss,0.33556678184926103,"{'name': 'CyclicLR', 'base_lr': 1.5628030394419048e-05, 'max_lr': 0.016323735664485202, 'step_size_up': 2000, 'mode_cyclic': 'triangular2'}",16,0.6006704545454545,0.9113489117834038,0.4631785943583652,0.6006679075403514
1036,1,2048,0.3034612479646107,elu,"{'name': 'AdamW', 'lr': 0.00075324528999386}",BCEWithLogitsLoss,0.33785579141883787,"{'name': 'CyclicLR', 'base_lr': 1.7580785899148013e-05, 'max_lr': 0.0026549460537042325, 'step_size_up': 2000, 'mode_cyclic': 'exp_range'}",16,0.5842306818181817,0.8927458904731633,0.4486461791946134,0.5842315790893272
